[{"model": "admin.logentry", "pk": 1, "fields": {"action_time": "2021-01-07T16:19:31.726Z", "user": 1, "content_type": 7, "object_id": "1", "object_repr": "PetHub", "action_flag": 2, "change_message": "[{\"changed\": {\"fields\": [\"Domain name\", \"Display name\"]}}]"}}, {"model": "admin.logentry", "pk": 2, "fields": {"action_time": "2021-01-07T16:39:29.127Z", "user": 1, "content_type": 8, "object_id": "1", "object_repr": "mr19331@gmail.com", "action_flag": 1, "change_message": "[{\"added\": {}}]"}}, {"model": "admin.logentry", "pk": 3, "fields": {"action_time": "2021-01-29T13:22:44.187Z", "user": 1, "content_type": 7, "object_id": "1", "object_repr": "PetHub", "action_flag": 2, "change_message": "[]"}}, {"model": "admin.logentry", "pk": 4, "fields": {"action_time": "2021-01-29T17:27:27.760Z", "user": 1, "content_type": 13, "object_id": "1", "object_repr": "harness_collars", "action_flag": 1, "change_message": "[{\"added\": {}}]"}}, {"model": "admin.logentry", "pk": 5, "fields": {"action_time": "2021-01-29T17:27:49.703Z", "user": 1, "content_type": 13, "object_id": "2", "object_repr": "Coats", "action_flag": 1, "change_message": "[{\"added\": {}}]"}}, {"model": "admin.logentry", "pk": 6, "fields": {"action_time": "2021-01-29T17:28:21.239Z", "user": 1, "content_type": 13, "object_id": "3", "object_repr": "dog_grooming", "action_flag": 1, "change_message": "[{\"added\": {}}]"}}, {"model": "admin.logentry", "pk": 7, "fields": {"action_time": "2021-01-29T17:28:46.845Z", "user": 1, "content_type": 13, "object_id": "4", "object_repr": "dog_feeding", "action_flag": 1, "change_message": "[{\"added\": {}}]"}}, {"model": "admin.logentry", "pk": 8, "fields": {"action_time": "2021-01-29T17:29:34.745Z", "user": 1, "content_type": 13, "object_id": "5", "object_repr": "all_dog_products", "action_flag": 1, "change_message": "[{\"added\": {}}]"}}, {"model": "admin.logentry", "pk": 9, "fields": {"action_time": "2021-01-29T17:30:25.591Z", "user": 1, "content_type": 13, "object_id": "2", "object_repr": "coats", "action_flag": 2, "change_message": "[{\"changed\": {\"fields\": [\"Name\"]}}]"}}, {"model": "admin.logentry", "pk": 10, "fields": {"action_time": "2021-01-29T17:36:48.396Z", "user": 1, "content_type": 14, "object_id": "1", "object_repr": "Small adventure harness", "action_flag": 1, "change_message": "[{\"added\": {}}]"}}, {"model": "admin.logentry", "pk": 11, "fields": {"action_time": "2021-01-29T17:38:26.260Z", "user": 1, "content_type": 14, "object_id": "2", "object_repr": "Tartan Harness from Bunty", "action_flag": 1, "change_message": "[{\"added\": {}}]"}}, {"model": "admin.logentry", "pk": 12, "fields": {"action_time": "2021-01-29T17:41:21.071Z", "user": 1, "content_type": 14, "object_id": "3", "object_repr": "Halti Nose Collar", "action_flag": 1, "change_message": "[{\"added\": {}}]"}}, {"model": "admin.logentry", "pk": 13, "fields": {"action_time": "2021-01-29T17:43:46.861Z", "user": 1, "content_type": 14, "object_id": "4", "object_repr": "Flashing Collar", "action_flag": 1, "change_message": "[{\"added\": {}}]"}}, {"model": "admin.logentry", "pk": 14, "fields": {"action_time": "2021-01-29T17:45:05.487Z", "user": 1, "content_type": 14, "object_id": "5", "object_repr": "Navy Quilted Coat", "action_flag": 1, "change_message": "[{\"added\": {}}]"}}, {"model": "admin.logentry", "pk": 15, "fields": {"action_time": "2021-01-29T17:46:40.589Z", "user": 1, "content_type": 14, "object_id": "6", "object_repr": "Reflective Hi-Viz Coat", "action_flag": 1, "change_message": "[{\"added\": {}}]"}}, {"model": "admin.logentry", "pk": 16, "fields": {"action_time": "2021-01-29T17:48:06.993Z", "user": 1, "content_type": 14, "object_id": "7", "object_repr": "Danish Design 2-in-1 Coat", "action_flag": 1, "change_message": "[{\"added\": {}}]"}}, {"model": "admin.logentry", "pk": 17, "fields": {"action_time": "2021-01-29T17:49:47.739Z", "user": 1, "content_type": 14, "object_id": "8", "object_repr": "Waterproof Coat", "action_flag": 1, "change_message": "[{\"added\": {}}]"}}, {"model": "admin.logentry", "pk": 18, "fields": {"action_time": "2021-01-29T17:51:14.803Z", "user": 1, "content_type": 14, "object_id": "9", "object_repr": "Ergo  Feeder Bowl", "action_flag": 1, "change_message": "[{\"added\": {}}]"}}, {"model": "admin.logentry", "pk": 19, "fields": {"action_time": "2021-01-29T17:53:14.978Z", "user": 1, "content_type": 14, "object_id": "10", "object_repr": "Gobble Stop Bowl", "action_flag": 1, "change_message": "[{\"added\": {}}]"}}, {"model": "admin.logentry", "pk": 20, "fields": {"action_time": "2021-01-29T17:54:59.220Z", "user": 1, "content_type": 14, "object_id": "11", "object_repr": "Lickimat Playdate", "action_flag": 1, "change_message": "[{\"added\": {}}]"}}, {"model": "admin.logentry", "pk": 21, "fields": {"action_time": "2021-01-29T17:56:18.257Z", "user": 1, "content_type": 14, "object_id": "12", "object_repr": "Slow Feeder", "action_flag": 1, "change_message": "[{\"added\": {}}]"}}, {"model": "admin.logentry", "pk": 22, "fields": {"action_time": "2021-01-29T17:57:42.778Z", "user": 1, "content_type": 14, "object_id": "13", "object_repr": "Dry Mitt", "action_flag": 1, "change_message": "[{\"added\": {}}]"}}, {"model": "admin.logentry", "pk": 23, "fields": {"action_time": "2021-01-29T17:59:36.518Z", "user": 1, "content_type": 14, "object_id": "14", "object_repr": "Dog Grooming Brush", "action_flag": 1, "change_message": "[{\"added\": {}}]"}}, {"model": "admin.logentry", "pk": 24, "fields": {"action_time": "2021-01-29T18:00:50.938Z", "user": 1, "content_type": 14, "object_id": "15", "object_repr": "Double side Brush", "action_flag": 1, "change_message": "[{\"added\": {}}]"}}, {"model": "admin.logentry", "pk": 25, "fields": {"action_time": "2021-01-29T18:02:02.323Z", "user": 1, "content_type": 14, "object_id": "16", "object_repr": "Zoom Groom Blue", "action_flag": 1, "change_message": "[{\"added\": {}}]"}}, {"model": "admin.logentry", "pk": 26, "fields": {"action_time": "2021-01-29T18:07:15.116Z", "user": 1, "content_type": 13, "object_id": "6", "object_repr": "cat_toys", "action_flag": 1, "change_message": "[{\"added\": {}}]"}}, {"model": "admin.logentry", "pk": 27, "fields": {"action_time": "2021-01-29T18:07:34.683Z", "user": 1, "content_type": 13, "object_id": "7", "object_repr": "cat_collars", "action_flag": 1, "change_message": "[{\"added\": {}}]"}}, {"model": "admin.logentry", "pk": 28, "fields": {"action_time": "2021-01-29T18:07:58.608Z", "user": 1, "content_type": 13, "object_id": "8", "object_repr": "cat_feeding", "action_flag": 1, "change_message": "[{\"added\": {}}]"}}, {"model": "admin.logentry", "pk": 29, "fields": {"action_time": "2021-01-29T18:10:28.024Z", "user": 1, "content_type": 14, "object_id": "17", "object_repr": "Catch Feeder", "action_flag": 1, "change_message": "[{\"added\": {}}]"}}, {"model": "admin.logentry", "pk": 30, "fields": {"action_time": "2021-01-29T18:13:11.832Z", "user": 1, "content_type": 14, "object_id": "18", "object_repr": "Cat Water Fountain", "action_flag": 1, "change_message": "[{\"added\": {}}]"}}, {"model": "admin.logentry", "pk": 31, "fields": {"action_time": "2021-01-29T18:14:23.899Z", "user": 1, "content_type": 14, "object_id": "19", "object_repr": "Cat Treat Maze", "action_flag": 1, "change_message": "[{\"added\": {}}]"}}, {"model": "admin.logentry", "pk": 32, "fields": {"action_time": "2021-01-29T18:16:10.994Z", "user": 1, "content_type": 14, "object_id": "20", "object_repr": "Small Cat Bowl", "action_flag": 1, "change_message": "[{\"added\": {}}]"}}, {"model": "admin.logentry", "pk": 33, "fields": {"action_time": "2021-01-29T18:17:33.129Z", "user": 1, "content_type": 14, "object_id": "21", "object_repr": "Catnip Bubbles", "action_flag": 1, "change_message": "[{\"added\": {}}]"}}, {"model": "admin.logentry", "pk": 34, "fields": {"action_time": "2021-01-29T18:18:52.685Z", "user": 1, "content_type": 14, "object_id": "22", "object_repr": "Cat Tunnel", "action_flag": 1, "change_message": "[{\"added\": {}}]"}}, {"model": "admin.logentry", "pk": 35, "fields": {"action_time": "2021-01-29T18:20:07.168Z", "user": 1, "content_type": 14, "object_id": "23", "object_repr": "Snake Teaser", "action_flag": 1, "change_message": "[{\"added\": {}}]"}}, {"model": "admin.logentry", "pk": 36, "fields": {"action_time": "2021-01-29T18:21:22.691Z", "user": 1, "content_type": 14, "object_id": "24", "object_repr": "Catnip Caterpillar", "action_flag": 1, "change_message": "[{\"added\": {}}]"}}, {"model": "admin.logentry", "pk": 37, "fields": {"action_time": "2021-01-29T18:22:35.980Z", "user": 1, "content_type": 14, "object_id": "25", "object_repr": "Hi Viz Cat Collar", "action_flag": 1, "change_message": "[{\"added\": {}}]"}}, {"model": "admin.logentry", "pk": 38, "fields": {"action_time": "2021-01-29T18:23:52.348Z", "user": 1, "content_type": 14, "object_id": "26", "object_repr": "Pink Collar with Bell", "action_flag": 1, "change_message": "[{\"added\": {}}]"}}, {"model": "admin.logentry", "pk": 39, "fields": {"action_time": "2021-01-29T18:25:27.904Z", "user": 1, "content_type": 14, "object_id": "27", "object_repr": "Kitten Reflective Collar", "action_flag": 1, "change_message": "[{\"added\": {}}]"}}, {"model": "admin.logentry", "pk": 40, "fields": {"action_time": "2021-01-29T18:26:31.060Z", "user": 1, "content_type": 14, "object_id": "28", "object_repr": "Cat Flea Collar", "action_flag": 1, "change_message": "[{\"added\": {}}]"}}, {"model": "admin.logentry", "pk": 41, "fields": {"action_time": "2021-01-30T08:07:18.705Z", "user": 1, "content_type": 13, "object_id": "5", "object_repr": "all_dog_products", "action_flag": 3, "change_message": ""}}, {"model": "admin.logentry", "pk": 42, "fields": {"action_time": "2021-01-30T08:08:47.363Z", "user": 1, "content_type": 13, "object_id": "9", "object_repr": "new_arrivals", "action_flag": 1, "change_message": "[{\"added\": {}}]"}}, {"model": "admin.logentry", "pk": 43, "fields": {"action_time": "2021-01-30T08:09:54.393Z", "user": 1, "content_type": 13, "object_id": "10", "object_repr": "best_seller", "action_flag": 1, "change_message": "[{\"added\": {}}]"}}, {"model": "admin.logentry", "pk": 44, "fields": {"action_time": "2021-01-30T08:12:36.543Z", "user": 1, "content_type": 14, "object_id": "28", "object_repr": "Cat Flea Collar", "action_flag": 2, "change_message": "[{\"changed\": {\"fields\": [\"Image url\"]}}]"}}, {"model": "admin.logentry", "pk": 45, "fields": {"action_time": "2021-01-30T08:13:47.750Z", "user": 1, "content_type": 14, "object_id": "27", "object_repr": "Kitten Reflective Collar", "action_flag": 2, "change_message": "[{\"changed\": {\"fields\": [\"Image url\"]}}]"}}, {"model": "admin.logentry", "pk": 46, "fields": {"action_time": "2021-01-30T08:14:33.432Z", "user": 1, "content_type": 14, "object_id": "26", "object_repr": "Pink Collar with Bell", "action_flag": 2, "change_message": "[{\"changed\": {\"fields\": [\"Image url\"]}}]"}}, {"model": "admin.logentry", "pk": 47, "fields": {"action_time": "2021-01-30T08:15:39.599Z", "user": 1, "content_type": 14, "object_id": "25", "object_repr": "Hi Viz Cat Collar", "action_flag": 2, "change_message": "[{\"changed\": {\"fields\": [\"Image url\"]}}]"}}, {"model": "admin.logentry", "pk": 48, "fields": {"action_time": "2021-01-30T08:16:19.860Z", "user": 1, "content_type": 14, "object_id": "24", "object_repr": "Catnip Caterpillar", "action_flag": 2, "change_message": "[{\"changed\": {\"fields\": [\"Image url\"]}}]"}}, {"model": "admin.logentry", "pk": 49, "fields": {"action_time": "2021-01-30T08:17:00.110Z", "user": 1, "content_type": 14, "object_id": "23", "object_repr": "Snake Teaser", "action_flag": 2, "change_message": "[{\"changed\": {\"fields\": [\"Image url\"]}}]"}}, {"model": "admin.logentry", "pk": 50, "fields": {"action_time": "2021-01-30T08:18:07.682Z", "user": 1, "content_type": 14, "object_id": "22", "object_repr": "Cat Tunnel", "action_flag": 2, "change_message": "[{\"changed\": {\"fields\": [\"Image url\"]}}]"}}, {"model": "admin.logentry", "pk": 51, "fields": {"action_time": "2021-01-30T08:18:52.265Z", "user": 1, "content_type": 14, "object_id": "21", "object_repr": "Catnip Bubbles", "action_flag": 2, "change_message": "[{\"changed\": {\"fields\": [\"Image url\"]}}]"}}, {"model": "admin.logentry", "pk": 52, "fields": {"action_time": "2021-01-30T08:20:24.122Z", "user": 1, "content_type": 14, "object_id": "20", "object_repr": "Small Cat Bowl", "action_flag": 2, "change_message": "[{\"changed\": {\"fields\": [\"Image url\"]}}]"}}, {"model": "admin.logentry", "pk": 53, "fields": {"action_time": "2021-01-30T08:21:29.097Z", "user": 1, "content_type": 14, "object_id": "19", "object_repr": "Cat Treat Maze", "action_flag": 2, "change_message": "[{\"changed\": {\"fields\": [\"Image url\"]}}]"}}, {"model": "admin.logentry", "pk": 54, "fields": {"action_time": "2021-01-30T08:22:05.577Z", "user": 1, "content_type": 14, "object_id": "18", "object_repr": "Cat Water Fountain", "action_flag": 2, "change_message": "[{\"changed\": {\"fields\": [\"Image url\"]}}]"}}, {"model": "admin.logentry", "pk": 55, "fields": {"action_time": "2021-01-30T08:22:57.429Z", "user": 1, "content_type": 14, "object_id": "17", "object_repr": "Catch Feeder", "action_flag": 2, "change_message": "[{\"changed\": {\"fields\": [\"Image url\"]}}]"}}, {"model": "admin.logentry", "pk": 56, "fields": {"action_time": "2021-01-30T08:23:58.132Z", "user": 1, "content_type": 14, "object_id": "16", "object_repr": "Zoom Groom Blue", "action_flag": 2, "change_message": "[{\"changed\": {\"fields\": [\"Image url\"]}}]"}}, {"model": "admin.logentry", "pk": 57, "fields": {"action_time": "2021-01-30T08:25:01.606Z", "user": 1, "content_type": 14, "object_id": "15", "object_repr": "Double side Brush", "action_flag": 2, "change_message": "[{\"changed\": {\"fields\": [\"Image url\"]}}]"}}, {"model": "admin.logentry", "pk": 58, "fields": {"action_time": "2021-01-30T08:26:50.508Z", "user": 1, "content_type": 14, "object_id": "14", "object_repr": "Dog Grooming Brush", "action_flag": 2, "change_message": "[{\"changed\": {\"fields\": [\"Image url\"]}}]"}}, {"model": "admin.logentry", "pk": 59, "fields": {"action_time": "2021-01-30T08:27:33.961Z", "user": 1, "content_type": 14, "object_id": "13", "object_repr": "Dry Mitt", "action_flag": 2, "change_message": "[{\"changed\": {\"fields\": [\"Image url\"]}}]"}}, {"model": "admin.logentry", "pk": 60, "fields": {"action_time": "2021-01-30T08:28:16.103Z", "user": 1, "content_type": 14, "object_id": "12", "object_repr": "Slow Feeder", "action_flag": 2, "change_message": "[{\"changed\": {\"fields\": [\"Image url\"]}}]"}}, {"model": "admin.logentry", "pk": 61, "fields": {"action_time": "2021-01-30T08:28:58.068Z", "user": 1, "content_type": 14, "object_id": "11", "object_repr": "Lickimat Playdate", "action_flag": 2, "change_message": "[{\"changed\": {\"fields\": [\"Image url\"]}}]"}}, {"model": "admin.logentry", "pk": 62, "fields": {"action_time": "2021-01-30T08:31:01.941Z", "user": 1, "content_type": 14, "object_id": "10", "object_repr": "Gobble Stop Bowl", "action_flag": 2, "change_message": "[{\"changed\": {\"fields\": [\"Image url\"]}}]"}}, {"model": "admin.logentry", "pk": 63, "fields": {"action_time": "2021-01-30T08:31:39.426Z", "user": 1, "content_type": 14, "object_id": "9", "object_repr": "Ergo  Feeder Bowl", "action_flag": 2, "change_message": "[{\"changed\": {\"fields\": [\"Image url\"]}}]"}}, {"model": "admin.logentry", "pk": 64, "fields": {"action_time": "2021-01-30T08:32:27.456Z", "user": 1, "content_type": 14, "object_id": "8", "object_repr": "Waterproof Coat", "action_flag": 2, "change_message": "[{\"changed\": {\"fields\": [\"Image url\"]}}]"}}, {"model": "admin.logentry", "pk": 65, "fields": {"action_time": "2021-01-30T08:33:17.894Z", "user": 1, "content_type": 14, "object_id": "7", "object_repr": "Danish Design 2-in-1 Coat", "action_flag": 2, "change_message": "[{\"changed\": {\"fields\": [\"Image url\"]}}]"}}, {"model": "admin.logentry", "pk": 66, "fields": {"action_time": "2021-01-30T08:33:55.942Z", "user": 1, "content_type": 14, "object_id": "6", "object_repr": "Reflective Hi-Viz Coat", "action_flag": 2, "change_message": "[{\"changed\": {\"fields\": [\"Image url\"]}}]"}}, {"model": "admin.logentry", "pk": 67, "fields": {"action_time": "2021-01-30T08:35:03.142Z", "user": 1, "content_type": 14, "object_id": "4", "object_repr": "Flashing Collar", "action_flag": 2, "change_message": "[{\"changed\": {\"fields\": [\"Image url\"]}}]"}}, {"model": "admin.logentry", "pk": 68, "fields": {"action_time": "2021-01-30T08:35:51.656Z", "user": 1, "content_type": 14, "object_id": "3", "object_repr": "Halti Nose Collar", "action_flag": 2, "change_message": "[{\"changed\": {\"fields\": [\"Image url\"]}}]"}}, {"model": "admin.logentry", "pk": 69, "fields": {"action_time": "2021-01-30T08:37:30.001Z", "user": 1, "content_type": 14, "object_id": "2", "object_repr": "Tartan Harness from Bunty", "action_flag": 2, "change_message": "[{\"changed\": {\"fields\": [\"Image url\"]}}]"}}, {"model": "admin.logentry", "pk": 70, "fields": {"action_time": "2021-01-30T08:39:32.874Z", "user": 1, "content_type": 14, "object_id": "1", "object_repr": "Small adventure harness", "action_flag": 2, "change_message": "[{\"changed\": {\"fields\": [\"Image url\"]}}]"}}, {"model": "admin.logentry", "pk": 71, "fields": {"action_time": "2021-01-30T09:53:04.708Z", "user": 1, "content_type": 14, "object_id": "17", "object_repr": "Catch Feeder", "action_flag": 2, "change_message": "[{\"changed\": {\"fields\": [\"Image url\"]}}]"}}, {"model": "admin.logentry", "pk": 72, "fields": {"action_time": "2021-01-30T09:54:14.423Z", "user": 1, "content_type": 14, "object_id": "28", "object_repr": "Cat Flea Collar", "action_flag": 2, "change_message": "[{\"changed\": {\"fields\": [\"Image url\"]}}]"}}, {"model": "admin.logentry", "pk": 73, "fields": {"action_time": "2021-01-30T09:54:34.316Z", "user": 1, "content_type": 14, "object_id": "20", "object_repr": "Small Cat Bowl", "action_flag": 2, "change_message": "[{\"changed\": {\"fields\": [\"Image url\"]}}]"}}, {"model": "admin.logentry", "pk": 74, "fields": {"action_time": "2021-01-30T09:54:54.229Z", "user": 1, "content_type": 14, "object_id": "23", "object_repr": "Snake Teaser", "action_flag": 2, "change_message": "[{\"changed\": {\"fields\": [\"Image url\"]}}]"}}, {"model": "admin.logentry", "pk": 75, "fields": {"action_time": "2021-01-30T09:55:10.530Z", "user": 1, "content_type": 14, "object_id": "26", "object_repr": "Pink Collar with Bell", "action_flag": 2, "change_message": "[{\"changed\": {\"fields\": [\"Image url\"]}}]"}}, {"model": "admin.logentry", "pk": 76, "fields": {"action_time": "2021-01-30T09:55:28.621Z", "user": 1, "content_type": 14, "object_id": "25", "object_repr": "Hi Viz Cat Collar", "action_flag": 2, "change_message": "[{\"changed\": {\"fields\": [\"Image url\"]}}]"}}, {"model": "admin.logentry", "pk": 77, "fields": {"action_time": "2021-01-30T09:56:06.405Z", "user": 1, "content_type": 14, "object_id": "18", "object_repr": "Cat Water Fountain", "action_flag": 2, "change_message": "[{\"changed\": {\"fields\": [\"Image url\"]}}]"}}, {"model": "admin.logentry", "pk": 78, "fields": {"action_time": "2021-01-30T09:56:19.579Z", "user": 1, "content_type": 14, "object_id": "27", "object_repr": "Kitten Reflective Collar", "action_flag": 2, "change_message": "[{\"changed\": {\"fields\": [\"Image url\"]}}]"}}, {"model": "admin.logentry", "pk": 79, "fields": {"action_time": "2021-01-30T09:56:37.680Z", "user": 1, "content_type": 14, "object_id": "22", "object_repr": "Cat Tunnel", "action_flag": 2, "change_message": "[{\"changed\": {\"fields\": [\"Image url\"]}}]"}}, {"model": "admin.logentry", "pk": 80, "fields": {"action_time": "2021-01-30T09:56:59.932Z", "user": 1, "content_type": 14, "object_id": "19", "object_repr": "Cat Treat Maze", "action_flag": 2, "change_message": "[{\"changed\": {\"fields\": [\"Image url\"]}}]"}}, {"model": "admin.logentry", "pk": 81, "fields": {"action_time": "2021-01-30T09:57:16.392Z", "user": 1, "content_type": 14, "object_id": "24", "object_repr": "Catnip Caterpillar", "action_flag": 2, "change_message": "[{\"changed\": {\"fields\": [\"Image url\"]}}]"}}, {"model": "admin.logentry", "pk": 82, "fields": {"action_time": "2021-01-30T09:57:33.445Z", "user": 1, "content_type": 14, "object_id": "21", "object_repr": "Catnip Bubbles", "action_flag": 2, "change_message": "[{\"changed\": {\"fields\": [\"Image url\"]}}]"}}, {"model": "admin.logentry", "pk": 83, "fields": {"action_time": "2021-01-30T09:58:34.253Z", "user": 1, "content_type": 14, "object_id": "4", "object_repr": "Flashing Collar", "action_flag": 2, "change_message": "[{\"changed\": {\"fields\": [\"Image url\"]}}]"}}, {"model": "admin.logentry", "pk": 84, "fields": {"action_time": "2021-01-30T09:58:54.236Z", "user": 1, "content_type": 14, "object_id": "13", "object_repr": "Dry Mitt", "action_flag": 2, "change_message": "[{\"changed\": {\"fields\": [\"Image url\"]}}]"}}, {"model": "admin.logentry", "pk": 85, "fields": {"action_time": "2021-01-30T09:59:22.836Z", "user": 1, "content_type": 14, "object_id": "15", "object_repr": "Double side Brush", "action_flag": 2, "change_message": "[{\"changed\": {\"fields\": [\"Image url\"]}}]"}}, {"model": "admin.logentry", "pk": 86, "fields": {"action_time": "2021-01-30T10:00:11.018Z", "user": 1, "content_type": 14, "object_id": "14", "object_repr": "Dog Grooming Brush", "action_flag": 2, "change_message": "[{\"changed\": {\"fields\": [\"Image url\"]}}]"}}, {"model": "admin.logentry", "pk": 87, "fields": {"action_time": "2021-01-30T10:01:05.836Z", "user": 1, "content_type": 14, "object_id": "15", "object_repr": "Double side Brush", "action_flag": 2, "change_message": "[]"}}, {"model": "admin.logentry", "pk": 88, "fields": {"action_time": "2021-01-30T10:01:32.534Z", "user": 1, "content_type": 14, "object_id": "6", "object_repr": "Reflective Hi-Viz Coat", "action_flag": 2, "change_message": "[{\"changed\": {\"fields\": [\"Image url\"]}}]"}}, {"model": "admin.logentry", "pk": 89, "fields": {"action_time": "2021-01-30T10:02:01.218Z", "user": 1, "content_type": 14, "object_id": "12", "object_repr": "Slow Feeder", "action_flag": 2, "change_message": "[{\"changed\": {\"fields\": [\"Image url\"]}}]"}}, {"model": "admin.logentry", "pk": 90, "fields": {"action_time": "2021-01-30T10:02:27.107Z", "user": 1, "content_type": 14, "object_id": "11", "object_repr": "Lickimat Playdate", "action_flag": 2, "change_message": "[{\"changed\": {\"fields\": [\"Image url\"]}}]"}}, {"model": "admin.logentry", "pk": 91, "fields": {"action_time": "2021-01-30T10:02:55.657Z", "user": 1, "content_type": 14, "object_id": "7", "object_repr": "Danish Design 2-in-1 Coat", "action_flag": 2, "change_message": "[{\"changed\": {\"fields\": [\"Image url\"]}}]"}}, {"model": "admin.logentry", "pk": 92, "fields": {"action_time": "2021-01-30T10:03:16.389Z", "user": 1, "content_type": 14, "object_id": "10", "object_repr": "Gobble Stop Bowl", "action_flag": 2, "change_message": "[{\"changed\": {\"fields\": [\"Image url\"]}}]"}}, {"model": "admin.logentry", "pk": 93, "fields": {"action_time": "2021-01-30T10:03:38.905Z", "user": 1, "content_type": 14, "object_id": "3", "object_repr": "Halti Nose Collar", "action_flag": 2, "change_message": "[{\"changed\": {\"fields\": [\"Image url\"]}}]"}}, {"model": "admin.logentry", "pk": 94, "fields": {"action_time": "2021-01-30T10:04:01.361Z", "user": 1, "content_type": 14, "object_id": "5", "object_repr": "Navy Quilted Coat", "action_flag": 2, "change_message": "[{\"changed\": {\"fields\": [\"Image url\"]}}]"}}, {"model": "admin.logentry", "pk": 95, "fields": {"action_time": "2021-01-30T10:04:20.695Z", "user": 1, "content_type": 14, "object_id": "8", "object_repr": "Waterproof Coat", "action_flag": 2, "change_message": "[{\"changed\": {\"fields\": [\"Image url\"]}}]"}}, {"model": "admin.logentry", "pk": 96, "fields": {"action_time": "2021-01-30T10:04:39.778Z", "user": 1, "content_type": 14, "object_id": "9", "object_repr": "Ergo  Feeder Bowl", "action_flag": 2, "change_message": "[{\"changed\": {\"fields\": [\"Image url\"]}}]"}}, {"model": "admin.logentry", "pk": 97, "fields": {"action_time": "2021-01-30T10:05:22.826Z", "user": 1, "content_type": 14, "object_id": "1", "object_repr": "Small adventure harness", "action_flag": 2, "change_message": "[{\"changed\": {\"fields\": [\"Image url\"]}}]"}}, {"model": "admin.logentry", "pk": 98, "fields": {"action_time": "2021-01-30T10:05:48.627Z", "user": 1, "content_type": 14, "object_id": "16", "object_repr": "Zoom Groom Blue", "action_flag": 2, "change_message": "[{\"changed\": {\"fields\": [\"Image url\"]}}]"}}, {"model": "admin.logentry", "pk": 99, "fields": {"action_time": "2021-01-30T10:11:19.816Z", "user": 1, "content_type": 14, "object_id": "17", "object_repr": "Catch Feeder", "action_flag": 2, "change_message": "[{\"changed\": {\"fields\": [\"Image url\"]}}]"}}, {"model": "admin.logentry", "pk": 100, "fields": {"action_time": "2021-01-30T10:11:39.222Z", "user": 1, "content_type": 14, "object_id": "28", "object_repr": "Cat Flea Collar", "action_flag": 2, "change_message": "[{\"changed\": {\"fields\": [\"Image url\"]}}]"}}, {"model": "admin.logentry", "pk": 101, "fields": {"action_time": "2021-01-30T10:12:01.498Z", "user": 1, "content_type": 14, "object_id": "2", "object_repr": "Tartan Harness from Bunty", "action_flag": 2, "change_message": "[{\"changed\": {\"fields\": [\"Image url\"]}}]"}}, {"model": "admin.logentry", "pk": 102, "fields": {"action_time": "2021-01-30T15:24:38.937Z", "user": 1, "content_type": 14, "object_id": "2", "object_repr": "Tartan Harness from Bunty", "action_flag": 2, "change_message": "[{\"changed\": {\"fields\": [\"Image url\", \"Image\"]}}]"}}, {"model": "admin.logentry", "pk": 103, "fields": {"action_time": "2021-01-30T15:28:00.683Z", "user": 1, "content_type": 14, "object_id": "1", "object_repr": "Small adventure harness", "action_flag": 2, "change_message": "[{\"changed\": {\"fields\": [\"Image url\", \"Image\"]}}]"}}, {"model": "admin.logentry", "pk": 104, "fields": {"action_time": "2021-01-31T08:18:00.137Z", "user": 1, "content_type": 14, "object_id": "2", "object_repr": "Tartan Harness from Bunty", "action_flag": 2, "change_message": "[{\"changed\": {\"fields\": [\"Image\"]}}]"}}, {"model": "admin.logentry", "pk": 105, "fields": {"action_time": "2021-01-31T08:18:20.309Z", "user": 1, "content_type": 14, "object_id": "2", "object_repr": "Tartan Harness from Bunty", "action_flag": 2, "change_message": "[{\"changed\": {\"fields\": [\"Image url\"]}}]"}}, {"model": "admin.logentry", "pk": 106, "fields": {"action_time": "2021-02-03T10:11:53.404Z", "user": 1, "content_type": 13, "object_id": "11", "object_repr": "best_seller", "action_flag": 1, "change_message": "[{\"added\": {}}]"}}, {"model": "admin.logentry", "pk": 107, "fields": {"action_time": "2021-02-03T10:12:04.893Z", "user": 1, "content_type": 14, "object_id": "10", "object_repr": "Gobble Stop Bowl", "action_flag": 2, "change_message": "[{\"changed\": {\"fields\": [\"Category\"]}}]"}}, {"model": "admin.logentry", "pk": 108, "fields": {"action_time": "2021-02-03T10:12:35.071Z", "user": 1, "content_type": 13, "object_id": "12", "object_repr": "best_seller", "action_flag": 1, "change_message": "[{\"added\": {}}]"}}, {"model": "admin.logentry", "pk": 109, "fields": {"action_time": "2021-02-03T10:12:40.716Z", "user": 1, "content_type": 14, "object_id": "3", "object_repr": "Halti Nose Collar", "action_flag": 2, "change_message": "[{\"changed\": {\"fields\": [\"Category\"]}}]"}}, {"model": "admin.logentry", "pk": 110, "fields": {"action_time": "2021-02-03T10:13:13.019Z", "user": 1, "content_type": 13, "object_id": "13", "object_repr": "best_seller", "action_flag": 1, "change_message": "[{\"added\": {}}]"}}, {"model": "admin.logentry", "pk": 111, "fields": {"action_time": "2021-02-03T10:13:18.415Z", "user": 1, "content_type": 14, "object_id": "4", "object_repr": "Flashing Collar", "action_flag": 2, "change_message": "[{\"changed\": {\"fields\": [\"Category\"]}}]"}}, {"model": "admin.logentry", "pk": 112, "fields": {"action_time": "2021-02-03T10:13:52.932Z", "user": 1, "content_type": 13, "object_id": "14", "object_repr": "best_seller", "action_flag": 1, "change_message": "[{\"added\": {}}]"}}, {"model": "admin.logentry", "pk": 113, "fields": {"action_time": "2021-02-03T10:13:57.881Z", "user": 1, "content_type": 14, "object_id": "18", "object_repr": "Cat Water Fountain", "action_flag": 2, "change_message": "[{\"changed\": {\"fields\": [\"Category\"]}}]"}}, {"model": "admin.logentry", "pk": 114, "fields": {"action_time": "2021-02-03T10:14:32.473Z", "user": 1, "content_type": 13, "object_id": "15", "object_repr": "best_seller", "action_flag": 1, "change_message": "[{\"added\": {}}]"}}, {"model": "admin.logentry", "pk": 115, "fields": {"action_time": "2021-02-03T10:14:36.154Z", "user": 1, "content_type": 14, "object_id": "21", "object_repr": "Catnip Bubbles", "action_flag": 2, "change_message": "[{\"changed\": {\"fields\": [\"Category\"]}}]"}}, {"model": "admin.logentry", "pk": 116, "fields": {"action_time": "2021-02-03T10:15:00.009Z", "user": 1, "content_type": 13, "object_id": "16", "object_repr": "best_seller", "action_flag": 1, "change_message": "[{\"added\": {}}]"}}, {"model": "admin.logentry", "pk": 117, "fields": {"action_time": "2021-02-03T10:15:04.691Z", "user": 1, "content_type": 14, "object_id": "14", "object_repr": "Dog Grooming Brush", "action_flag": 2, "change_message": "[{\"changed\": {\"fields\": [\"Category\"]}}]"}}, {"model": "admin.logentry", "pk": 118, "fields": {"action_time": "2021-02-03T10:15:32.888Z", "user": 1, "content_type": 13, "object_id": "17", "object_repr": "best_seller", "action_flag": 1, "change_message": "[{\"added\": {}}]"}}, {"model": "admin.logentry", "pk": 119, "fields": {"action_time": "2021-02-03T10:15:38.040Z", "user": 1, "content_type": 14, "object_id": "8", "object_repr": "Waterproof Coat", "action_flag": 2, "change_message": "[{\"changed\": {\"fields\": [\"Category\"]}}]"}}, {"model": "admin.logentry", "pk": 120, "fields": {"action_time": "2021-02-03T10:16:01.561Z", "user": 1, "content_type": 13, "object_id": "18", "object_repr": "new_arrivals", "action_flag": 1, "change_message": "[{\"added\": {}}]"}}, {"model": "admin.logentry", "pk": 121, "fields": {"action_time": "2021-02-03T10:16:07.766Z", "user": 1, "content_type": 14, "object_id": "11", "object_repr": "Lickimat Playdate", "action_flag": 2, "change_message": "[{\"changed\": {\"fields\": [\"Category\"]}}]"}}, {"model": "admin.logentry", "pk": 122, "fields": {"action_time": "2021-02-03T10:16:29.764Z", "user": 1, "content_type": 13, "object_id": "19", "object_repr": "new_arrivals", "action_flag": 1, "change_message": "[{\"added\": {}}]"}}, {"model": "admin.logentry", "pk": 123, "fields": {"action_time": "2021-02-03T10:16:33.917Z", "user": 1, "content_type": 14, "object_id": "1", "object_repr": "Small adventure harness", "action_flag": 2, "change_message": "[{\"changed\": {\"fields\": [\"Category\"]}}]"}}, {"model": "admin.logentry", "pk": 124, "fields": {"action_time": "2021-02-03T10:16:55.652Z", "user": 1, "content_type": 13, "object_id": "20", "object_repr": "new_arrivals", "action_flag": 1, "change_message": "[{\"added\": {}}]"}}, {"model": "admin.logentry", "pk": 125, "fields": {"action_time": "2021-02-03T10:17:00.313Z", "user": 1, "content_type": 14, "object_id": "25", "object_repr": "Hi Viz Cat Collar", "action_flag": 2, "change_message": "[{\"changed\": {\"fields\": [\"Category\"]}}]"}}, {"model": "admin.logentry", "pk": 126, "fields": {"action_time": "2021-02-03T10:17:25.252Z", "user": 1, "content_type": 13, "object_id": "21", "object_repr": "new_arrivals", "action_flag": 1, "change_message": "[{\"added\": {}}]"}}, {"model": "admin.logentry", "pk": 127, "fields": {"action_time": "2021-02-03T10:17:29.273Z", "user": 1, "content_type": 14, "object_id": "28", "object_repr": "Cat Flea Collar", "action_flag": 2, "change_message": "[{\"changed\": {\"fields\": [\"Category\"]}}]"}}, {"model": "admin.logentry", "pk": 128, "fields": {"action_time": "2021-02-03T10:17:48.692Z", "user": 1, "content_type": 13, "object_id": "22", "object_repr": "new_arrivals", "action_flag": 1, "change_message": "[{\"added\": {}}]"}}, {"model": "admin.logentry", "pk": 129, "fields": {"action_time": "2021-02-03T10:17:53.729Z", "user": 1, "content_type": 14, "object_id": "19", "object_repr": "Cat Treat Maze", "action_flag": 2, "change_message": "[{\"changed\": {\"fields\": [\"Category\"]}}]"}}, {"model": "admin.logentry", "pk": 130, "fields": {"action_time": "2021-02-03T10:18:17.680Z", "user": 1, "content_type": 13, "object_id": "23", "object_repr": "new_arrivals", "action_flag": 1, "change_message": "[{\"added\": {}}]"}}, {"model": "admin.logentry", "pk": 131, "fields": {"action_time": "2021-02-03T10:18:23.218Z", "user": 1, "content_type": 14, "object_id": "24", "object_repr": "Catnip Caterpillar", "action_flag": 2, "change_message": "[{\"changed\": {\"fields\": [\"Category\"]}}]"}}, {"model": "admin.logentry", "pk": 132, "fields": {"action_time": "2021-02-03T10:18:48.180Z", "user": 1, "content_type": 13, "object_id": "24", "object_repr": "new_arrivals", "action_flag": 1, "change_message": "[{\"added\": {}}]"}}, {"model": "admin.logentry", "pk": 133, "fields": {"action_time": "2021-02-03T10:18:54.645Z", "user": 1, "content_type": 14, "object_id": "13", "object_repr": "Dry Mitt", "action_flag": 2, "change_message": "[{\"changed\": {\"fields\": [\"Category\"]}}]"}}, {"model": "admin.logentry", "pk": 134, "fields": {"action_time": "2021-02-03T10:19:15.173Z", "user": 1, "content_type": 13, "object_id": "25", "object_repr": "new_arrivals", "action_flag": 1, "change_message": "[{\"added\": {}}]"}}, {"model": "admin.logentry", "pk": 135, "fields": {"action_time": "2021-02-03T10:19:24.176Z", "user": 1, "content_type": 14, "object_id": "5", "object_repr": "Navy Quilted Coat", "action_flag": 2, "change_message": "[{\"changed\": {\"fields\": [\"Category\"]}}]"}}, {"model": "admin.logentry", "pk": 136, "fields": {"action_time": "2021-02-03T10:22:29.919Z", "user": 1, "content_type": 14, "object_id": "12", "object_repr": "Slow Feeder", "action_flag": 2, "change_message": "[{\"changed\": {\"fields\": [\"Image url\"]}}]"}}, {"model": "admin.logentry", "pk": 137, "fields": {"action_time": "2021-02-03T10:32:56.016Z", "user": 1, "content_type": 13, "object_id": "10", "object_repr": "best_seller", "action_flag": 3, "change_message": ""}}, {"model": "admin.logentry", "pk": 138, "fields": {"action_time": "2021-02-03T10:33:14.984Z", "user": 1, "content_type": 14, "object_id": "12", "object_repr": "Slow Feeder", "action_flag": 2, "change_message": "[]"}}, {"model": "admin.logentry", "pk": 139, "fields": {"action_time": "2021-02-03T10:33:42.576Z", "user": 1, "content_type": 14, "object_id": "12", "object_repr": "Slow Feeder", "action_flag": 2, "change_message": "[]"}}, {"model": "admin.logentry", "pk": 140, "fields": {"action_time": "2021-02-03T10:34:09.107Z", "user": 1, "content_type": 13, "object_id": "18", "object_repr": "new_arrivals", "action_flag": 3, "change_message": ""}}, {"model": "admin.logentry", "pk": 141, "fields": {"action_time": "2021-02-03T10:34:38.503Z", "user": 1, "content_type": 14, "object_id": "11", "object_repr": "Lickimat Playdate", "action_flag": 2, "change_message": "[{\"changed\": {\"fields\": [\"Category\"]}}]"}}, {"model": "admin.logentry", "pk": 142, "fields": {"action_time": "2021-02-03T10:34:58.914Z", "user": 1, "content_type": 14, "object_id": "10", "object_repr": "Gobble Stop Bowl", "action_flag": 2, "change_message": "[{\"changed\": {\"fields\": [\"Category\"]}}]"}}, {"model": "admin.logentry", "pk": 143, "fields": {"action_time": "2021-02-03T10:35:18.163Z", "user": 1, "content_type": 13, "object_id": "19", "object_repr": "new_arrivals", "action_flag": 3, "change_message": ""}}, {"model": "admin.logentry", "pk": 144, "fields": {"action_time": "2021-02-03T10:35:31.329Z", "user": 1, "content_type": 14, "object_id": "1", "object_repr": "Small adventure harness", "action_flag": 2, "change_message": "[{\"changed\": {\"fields\": [\"Category\"]}}]"}}, {"model": "admin.logentry", "pk": 145, "fields": {"action_time": "2021-02-03T10:35:51.204Z", "user": 1, "content_type": 13, "object_id": "12", "object_repr": "best_seller", "action_flag": 3, "change_message": ""}}, {"model": "admin.logentry", "pk": 146, "fields": {"action_time": "2021-02-03T10:36:05.093Z", "user": 1, "content_type": 14, "object_id": "3", "object_repr": "Halti Nose Collar", "action_flag": 2, "change_message": "[{\"changed\": {\"fields\": [\"Category\"]}}]"}}, {"model": "admin.logentry", "pk": 147, "fields": {"action_time": "2021-02-03T10:36:34.216Z", "user": 1, "content_type": 13, "object_id": "13", "object_repr": "best_seller", "action_flag": 3, "change_message": ""}}, {"model": "admin.logentry", "pk": 148, "fields": {"action_time": "2021-02-03T10:36:49.593Z", "user": 1, "content_type": 14, "object_id": "4", "object_repr": "Flashing Collar", "action_flag": 2, "change_message": "[{\"changed\": {\"fields\": [\"Category\"]}}]"}}, {"model": "admin.logentry", "pk": 149, "fields": {"action_time": "2021-02-03T10:37:09.628Z", "user": 1, "content_type": 13, "object_id": "20", "object_repr": "new_arrivals", "action_flag": 3, "change_message": ""}}, {"model": "admin.logentry", "pk": 150, "fields": {"action_time": "2021-02-03T10:37:23.149Z", "user": 1, "content_type": 14, "object_id": "25", "object_repr": "Hi Viz Cat Collar", "action_flag": 2, "change_message": "[{\"changed\": {\"fields\": [\"Category\"]}}]"}}, {"model": "admin.logentry", "pk": 151, "fields": {"action_time": "2021-02-03T10:37:37.932Z", "user": 1, "content_type": 13, "object_id": "21", "object_repr": "new_arrivals", "action_flag": 3, "change_message": ""}}, {"model": "admin.logentry", "pk": 152, "fields": {"action_time": "2021-02-03T10:37:48.506Z", "user": 1, "content_type": 14, "object_id": "28", "object_repr": "Cat Flea Collar", "action_flag": 2, "change_message": "[{\"changed\": {\"fields\": [\"Category\"]}}]"}}, {"model": "admin.logentry", "pk": 153, "fields": {"action_time": "2021-02-03T10:38:09.720Z", "user": 1, "content_type": 13, "object_id": "14", "object_repr": "best_seller", "action_flag": 3, "change_message": ""}}, {"model": "admin.logentry", "pk": 154, "fields": {"action_time": "2021-02-03T10:38:22.895Z", "user": 1, "content_type": 14, "object_id": "18", "object_repr": "Cat Water Fountain", "action_flag": 2, "change_message": "[{\"changed\": {\"fields\": [\"Category\"]}}]"}}, {"model": "admin.logentry", "pk": 155, "fields": {"action_time": "2021-02-03T10:38:44.135Z", "user": 1, "content_type": 13, "object_id": "23", "object_repr": "new_arrivals", "action_flag": 3, "change_message": ""}}, {"model": "admin.logentry", "pk": 156, "fields": {"action_time": "2021-02-03T10:38:53.525Z", "user": 1, "content_type": 14, "object_id": "24", "object_repr": "Catnip Caterpillar", "action_flag": 2, "change_message": "[{\"changed\": {\"fields\": [\"Category\"]}}]"}}, {"model": "admin.logentry", "pk": 157, "fields": {"action_time": "2021-02-03T10:39:22.515Z", "user": 1, "content_type": 13, "object_id": "15", "object_repr": "best_seller", "action_flag": 3, "change_message": ""}}, {"model": "admin.logentry", "pk": 158, "fields": {"action_time": "2021-02-03T10:39:34.058Z", "user": 1, "content_type": 14, "object_id": "21", "object_repr": "Catnip Bubbles", "action_flag": 2, "change_message": "[{\"changed\": {\"fields\": [\"Category\"]}}]"}}, {"model": "admin.logentry", "pk": 159, "fields": {"action_time": "2021-02-03T10:39:49.720Z", "user": 1, "content_type": 13, "object_id": "16", "object_repr": "best_seller", "action_flag": 3, "change_message": ""}}, {"model": "admin.logentry", "pk": 160, "fields": {"action_time": "2021-02-03T10:39:59.993Z", "user": 1, "content_type": 14, "object_id": "14", "object_repr": "Dog Grooming Brush", "action_flag": 2, "change_message": "[{\"changed\": {\"fields\": [\"Category\"]}}]"}}, {"model": "admin.logentry", "pk": 161, "fields": {"action_time": "2021-02-03T10:41:29.999Z", "user": 1, "content_type": 14, "object_id": "8", "object_repr": "Waterproof Coat", "action_flag": 2, "change_message": "[{\"changed\": {\"fields\": [\"Category\"]}}]"}}, {"model": "admin.logentry", "pk": 162, "fields": {"action_time": "2021-02-03T10:43:14.734Z", "user": 1, "content_type": 14, "object_id": "8", "object_repr": "Waterproof Coat", "action_flag": 2, "change_message": "[{\"changed\": {\"fields\": [\"Image url\"]}}]"}}, {"model": "admin.logentry", "pk": 163, "fields": {"action_time": "2021-02-03T10:43:59.082Z", "user": 1, "content_type": 14, "object_id": "8", "object_repr": "Waterproof Coat", "action_flag": 2, "change_message": "[]"}}, {"model": "admin.logentry", "pk": 164, "fields": {"action_time": "2021-02-03T10:44:41.491Z", "user": 1, "content_type": 14, "object_id": "8", "object_repr": "Waterproof Coat", "action_flag": 2, "change_message": "[]"}}, {"model": "admin.logentry", "pk": 165, "fields": {"action_time": "2021-02-03T10:46:05.148Z", "user": 1, "content_type": 13, "object_id": "25", "object_repr": "new_arrivals", "action_flag": 3, "change_message": ""}}, {"model": "admin.logentry", "pk": 166, "fields": {"action_time": "2021-02-03T10:46:05.171Z", "user": 1, "content_type": 13, "object_id": "24", "object_repr": "new_arrivals", "action_flag": 3, "change_message": ""}}, {"model": "admin.logentry", "pk": 167, "fields": {"action_time": "2021-02-03T10:46:05.190Z", "user": 1, "content_type": 13, "object_id": "17", "object_repr": "best_seller", "action_flag": 3, "change_message": ""}}, {"model": "admin.logentry", "pk": 168, "fields": {"action_time": "2021-02-03T10:46:05.210Z", "user": 1, "content_type": 13, "object_id": "9", "object_repr": "new_arrivals", "action_flag": 3, "change_message": ""}}, {"model": "admin.logentry", "pk": 169, "fields": {"action_time": "2021-02-03T10:46:52.208Z", "user": 1, "content_type": 14, "object_id": "13", "object_repr": "Dry Mitt", "action_flag": 2, "change_message": "[{\"changed\": {\"fields\": [\"Category\"]}}]"}}, {"model": "admin.logentry", "pk": 170, "fields": {"action_time": "2021-02-03T10:47:11.437Z", "user": 1, "content_type": 14, "object_id": "5", "object_repr": "Navy Quilted Coat", "action_flag": 2, "change_message": "[{\"changed\": {\"fields\": [\"Category\"]}}]"}}, {"model": "admin.logentry", "pk": 171, "fields": {"action_time": "2021-02-03T10:48:18.293Z", "user": 1, "content_type": 14, "object_id": "11", "object_repr": "Lickimat Playdate", "action_flag": 2, "change_message": "[]"}}, {"model": "admin.logentry", "pk": 172, "fields": {"action_time": "2021-02-04T12:34:42.021Z", "user": 1, "content_type": 14, "object_id": "12", "object_repr": "Slow Feeder", "action_flag": 2, "change_message": "[{\"changed\": {\"fields\": [\"Image url\", \"Image\"]}}]"}}, {"model": "admin.logentry", "pk": 173, "fields": {"action_time": "2021-02-04T12:36:00.602Z", "user": 1, "content_type": 14, "object_id": "11", "object_repr": "Lickimat Playdate", "action_flag": 2, "change_message": "[{\"changed\": {\"fields\": [\"Description\", \"Image url\", \"Image\"]}}]"}}, {"model": "admin.logentry", "pk": 174, "fields": {"action_time": "2021-02-04T12:36:07.585Z", "user": 1, "content_type": 14, "object_id": "11", "object_repr": "Lickimat Playdate", "action_flag": 2, "change_message": "[]"}}, {"model": "admin.logentry", "pk": 175, "fields": {"action_time": "2021-02-04T12:36:30.596Z", "user": 1, "content_type": 14, "object_id": "10", "object_repr": "Gobble Stop Bowl", "action_flag": 2, "change_message": "[{\"changed\": {\"fields\": [\"Image url\", \"Image\"]}}]"}}, {"model": "admin.logentry", "pk": 176, "fields": {"action_time": "2021-02-04T12:36:56.475Z", "user": 1, "content_type": 14, "object_id": "9", "object_repr": "Ergo  Feeder Bowl", "action_flag": 2, "change_message": "[{\"changed\": {\"fields\": [\"Image url\", \"Image\"]}}]"}}, {"model": "admin.logentry", "pk": 177, "fields": {"action_time": "2021-02-04T12:37:41.744Z", "user": 1, "content_type": 14, "object_id": "2", "object_repr": "Tartan Harness from Bunty", "action_flag": 2, "change_message": "[{\"changed\": {\"fields\": [\"Image url\", \"Image\"]}}]"}}, {"model": "admin.logentry", "pk": 178, "fields": {"action_time": "2021-02-04T12:38:13.574Z", "user": 1, "content_type": 14, "object_id": "1", "object_repr": "Small adventure harness", "action_flag": 2, "change_message": "[{\"changed\": {\"fields\": [\"Image\"]}}]"}}, {"model": "admin.logentry", "pk": 179, "fields": {"action_time": "2021-02-04T12:38:48.170Z", "user": 1, "content_type": 14, "object_id": "3", "object_repr": "Halti Nose Collar", "action_flag": 2, "change_message": "[{\"changed\": {\"fields\": [\"Image url\", \"Image\"]}}]"}}, {"model": "admin.logentry", "pk": 180, "fields": {"action_time": "2021-02-04T12:39:14.802Z", "user": 1, "content_type": 14, "object_id": "4", "object_repr": "Flashing Collar", "action_flag": 2, "change_message": "[{\"changed\": {\"fields\": [\"Image url\", \"Image\"]}}]"}}, {"model": "admin.logentry", "pk": 181, "fields": {"action_time": "2021-02-04T12:39:28.389Z", "user": 1, "content_type": 14, "object_id": "25", "object_repr": "Hi Viz Cat Collar", "action_flag": 2, "change_message": "[]"}}, {"model": "admin.logentry", "pk": 182, "fields": {"action_time": "2021-02-04T12:40:11.975Z", "user": 1, "content_type": 14, "object_id": "16", "object_repr": "Zoom Groom Blue", "action_flag": 2, "change_message": "[{\"changed\": {\"fields\": [\"Image url\", \"Image\"]}}]"}}, {"model": "admin.logentry", "pk": 183, "fields": {"action_time": "2021-02-04T12:41:02.219Z", "user": 1, "content_type": 14, "object_id": "14", "object_repr": "Dog Grooming Brush", "action_flag": 2, "change_message": "[{\"changed\": {\"fields\": [\"Image url\", \"Image\"]}}]"}}, {"model": "admin.logentry", "pk": 184, "fields": {"action_time": "2021-02-04T12:41:32.190Z", "user": 1, "content_type": 14, "object_id": "15", "object_repr": "Double side Brush", "action_flag": 2, "change_message": "[{\"changed\": {\"fields\": [\"Image url\", \"Image\"]}}]"}}, {"model": "admin.logentry", "pk": 185, "fields": {"action_time": "2021-02-04T12:42:01.856Z", "user": 1, "content_type": 14, "object_id": "13", "object_repr": "Dry Mitt", "action_flag": 2, "change_message": "[{\"changed\": {\"fields\": [\"Image url\", \"Image\"]}}]"}}, {"model": "admin.logentry", "pk": 186, "fields": {"action_time": "2021-02-04T12:42:36.972Z", "user": 1, "content_type": 14, "object_id": "8", "object_repr": "Waterproof Coat", "action_flag": 2, "change_message": "[{\"changed\": {\"fields\": [\"Image url\", \"Image\"]}}]"}}, {"model": "admin.logentry", "pk": 187, "fields": {"action_time": "2021-02-04T12:43:12.893Z", "user": 1, "content_type": 14, "object_id": "7", "object_repr": "Danish Design 2-in-1 Coat", "action_flag": 2, "change_message": "[{\"changed\": {\"fields\": [\"Image url\", \"Image\"]}}]"}}, {"model": "admin.logentry", "pk": 188, "fields": {"action_time": "2021-02-04T12:43:41.940Z", "user": 1, "content_type": 14, "object_id": "6", "object_repr": "Reflective Hi-Viz Coat", "action_flag": 2, "change_message": "[{\"changed\": {\"fields\": [\"Image url\", \"Image\"]}}]"}}, {"model": "admin.logentry", "pk": 189, "fields": {"action_time": "2021-02-04T12:44:09.014Z", "user": 1, "content_type": 14, "object_id": "5", "object_repr": "Navy Quilted Coat", "action_flag": 2, "change_message": "[{\"changed\": {\"fields\": [\"Image url\", \"Image\"]}}]"}}, {"model": "admin.logentry", "pk": 190, "fields": {"action_time": "2021-02-04T12:56:33.465Z", "user": 1, "content_type": 14, "object_id": "25", "object_repr": "Hi Viz Cat Collar", "action_flag": 2, "change_message": "[{\"changed\": {\"fields\": [\"Image url\", \"Image\"]}}]"}}, {"model": "admin.logentry", "pk": 191, "fields": {"action_time": "2021-02-04T12:57:18.039Z", "user": 1, "content_type": 14, "object_id": "26", "object_repr": "Pink Collar with Bell", "action_flag": 2, "change_message": "[{\"changed\": {\"fields\": [\"Image url\", \"Image\"]}}]"}}, {"model": "admin.logentry", "pk": 192, "fields": {"action_time": "2021-02-04T12:57:47.456Z", "user": 1, "content_type": 14, "object_id": "27", "object_repr": "Kitten Reflective Collar", "action_flag": 2, "change_message": "[{\"changed\": {\"fields\": [\"Image url\", \"Image\"]}}]"}}, {"model": "admin.logentry", "pk": 193, "fields": {"action_time": "2021-02-04T12:58:16.159Z", "user": 1, "content_type": 14, "object_id": "28", "object_repr": "Cat Flea Collar", "action_flag": 2, "change_message": "[{\"changed\": {\"fields\": [\"Image url\", \"Image\"]}}]"}}, {"model": "admin.logentry", "pk": 194, "fields": {"action_time": "2021-02-04T12:58:47.088Z", "user": 1, "content_type": 14, "object_id": "20", "object_repr": "Small Cat Bowl", "action_flag": 2, "change_message": "[{\"changed\": {\"fields\": [\"Image url\", \"Image\"]}}]"}}, {"model": "admin.logentry", "pk": 195, "fields": {"action_time": "2021-02-04T12:59:14.112Z", "user": 1, "content_type": 14, "object_id": "18", "object_repr": "Cat Water Fountain", "action_flag": 2, "change_message": "[{\"changed\": {\"fields\": [\"Image url\", \"Image\"]}}]"}}, {"model": "admin.logentry", "pk": 196, "fields": {"action_time": "2021-02-04T12:59:38.588Z", "user": 1, "content_type": 14, "object_id": "19", "object_repr": "Cat Treat Maze", "action_flag": 2, "change_message": "[{\"changed\": {\"fields\": [\"Image url\", \"Image\"]}}]"}}, {"model": "admin.logentry", "pk": 197, "fields": {"action_time": "2021-02-04T12:59:59.225Z", "user": 1, "content_type": 14, "object_id": "17", "object_repr": "Catch Feeder", "action_flag": 2, "change_message": "[{\"changed\": {\"fields\": [\"Image url\", \"Image\"]}}]"}}, {"model": "admin.logentry", "pk": 198, "fields": {"action_time": "2021-02-04T13:00:31.038Z", "user": 1, "content_type": 14, "object_id": "24", "object_repr": "Catnip Caterpillar", "action_flag": 2, "change_message": "[{\"changed\": {\"fields\": [\"Image url\", \"Image\"]}}]"}}, {"model": "admin.logentry", "pk": 199, "fields": {"action_time": "2021-02-04T13:01:01.207Z", "user": 1, "content_type": 14, "object_id": "22", "object_repr": "Cat Tunnel", "action_flag": 2, "change_message": "[{\"changed\": {\"fields\": [\"Image url\", \"Image\"]}}]"}}, {"model": "admin.logentry", "pk": 200, "fields": {"action_time": "2021-02-04T13:01:25.681Z", "user": 1, "content_type": 14, "object_id": "23", "object_repr": "Snake Teaser", "action_flag": 2, "change_message": "[{\"changed\": {\"fields\": [\"Image url\", \"Image\"]}}]"}}, {"model": "admin.logentry", "pk": 201, "fields": {"action_time": "2021-02-04T13:02:01.826Z", "user": 1, "content_type": 14, "object_id": "21", "object_repr": "Catnip Bubbles", "action_flag": 2, "change_message": "[{\"changed\": {\"fields\": [\"Image url\", \"Image\"]}}]"}}, {"model": "admin.logentry", "pk": 202, "fields": {"action_time": "2021-02-04T13:09:37.628Z", "user": 1, "content_type": 14, "object_id": "29", "object_repr": "Travel Bowl", "action_flag": 1, "change_message": "[{\"added\": {}}]"}}, {"model": "admin.logentry", "pk": 203, "fields": {"action_time": "2021-02-04T13:10:23.081Z", "user": 1, "content_type": 14, "object_id": "29", "object_repr": "Travel Bowl", "action_flag": 2, "change_message": "[{\"changed\": {\"fields\": [\"Sku\"]}}]"}}, {"model": "admin.logentry", "pk": 204, "fields": {"action_time": "2021-02-04T13:10:38.941Z", "user": 1, "content_type": 14, "object_id": "29", "object_repr": "Travel Bowl", "action_flag": 2, "change_message": "[{\"changed\": {\"fields\": [\"Sku\"]}}]"}}, {"model": "admin.logentry", "pk": 205, "fields": {"action_time": "2021-02-04T13:13:34.421Z", "user": 1, "content_type": 14, "object_id": "30", "object_repr": "Pup Cover-up", "action_flag": 1, "change_message": "[{\"added\": {}}]"}}, {"model": "admin.logentry", "pk": 206, "fields": {"action_time": "2021-02-04T13:19:15.325Z", "user": 1, "content_type": 14, "object_id": "31", "object_repr": "Handi-Towel", "action_flag": 1, "change_message": "[{\"added\": {}}]"}}, {"model": "admin.logentry", "pk": 207, "fields": {"action_time": "2021-02-04T13:24:41.792Z", "user": 1, "content_type": 14, "object_id": "32", "object_repr": "Ergo Pin Brush", "action_flag": 1, "change_message": "[{\"added\": {}}]"}}, {"model": "admin.logentry", "pk": 208, "fields": {"action_time": "2021-02-04T13:29:18.495Z", "user": 1, "content_type": 14, "object_id": "33", "object_repr": "Lickimat Buddy", "action_flag": 1, "change_message": "[{\"added\": {}}]"}}, {"model": "admin.logentry", "pk": 209, "fields": {"action_time": "2021-02-04T13:33:16.150Z", "user": 1, "content_type": 14, "object_id": "34", "object_repr": "Cat Swipe Toy", "action_flag": 1, "change_message": "[{\"added\": {}}]"}}, {"model": "admin.logentry", "pk": 210, "fields": {"action_time": "2021-02-04T13:37:04.591Z", "user": 1, "content_type": 14, "object_id": "35", "object_repr": "Bowl and Fountain Combo", "action_flag": 1, "change_message": "[{\"added\": {}}]"}}, {"model": "admin.logentry", "pk": 211, "fields": {"action_time": "2021-02-07T14:50:11.377Z", "user": 2, "content_type": 16, "object_id": "1", "object_repr": "BDE561BDCD864806A8D096C70A2BC4C2", "action_flag": 3, "change_message": ""}}, {"model": "admin.logentry", "pk": 212, "fields": {"action_time": "2021-02-07T15:00:26.242Z", "user": 2, "content_type": 16, "object_id": "2", "object_repr": "B3E6DADBEC414AAAABE62C2C2C5ECC64", "action_flag": 2, "change_message": "[{\"changed\": {\"name\": \"order line item\", \"object\": \"SKU 1276500TWS on order B3E6DADBEC414AAAABE62C2C2C5ECC64\", \"fields\": [\"Quantity\"]}}]"}}, {"model": "admin.logentry", "pk": 213, "fields": {"action_time": "2021-02-07T21:04:05.005Z", "user": 2, "content_type": 16, "object_id": "3", "object_repr": "CE9AFA75A7854916AFB2A7502CDF3428", "action_flag": 2, "change_message": "[{\"changed\": {\"name\": \"order line item\", \"object\": \"SKU 186400DRRU on order CE9AFA75A7854916AFB2A7502CDF3428\", \"fields\": [\"Quantity\"]}}]"}}, {"model": "admin.logentry", "pk": 214, "fields": {"action_time": "2021-02-09T05:37:30.571Z", "user": 2, "content_type": 16, "object_id": "5", "object_repr": "0110177A659C442494BDDAFA8C7E9471", "action_flag": 2, "change_message": "[{\"changed\": {\"name\": \"order line item\", \"object\": \"SKU 186400DRRU on order 0110177A659C442494BDDAFA8C7E9471\", \"fields\": [\"Quantity\"]}}]"}}, {"model": "admin.logentry", "pk": 215, "fields": {"action_time": "2021-02-09T16:44:26.473Z", "user": 2, "content_type": 16, "object_id": "10", "object_repr": "3D9E3247E5C44F2C95D35CE1EA30043C", "action_flag": 2, "change_message": "[{\"changed\": {\"name\": \"order line item\", \"object\": \"SKU 145300ABDV on order 3D9E3247E5C44F2C95D35CE1EA30043C\", \"fields\": [\"Quantity\"]}}]"}}, {"model": "admin.logentry", "pk": 216, "fields": {"action_time": "2021-02-09T16:44:57.747Z", "user": 2, "content_type": 16, "object_id": "9", "object_repr": "92CDE68CEBDF4656A9481D7955547844", "action_flag": 2, "change_message": "[{\"changed\": {\"name\": \"order line item\", \"object\": \"SKU 145300ABRU on order 92CDE68CEBDF4656A9481D7955547844\", \"fields\": [\"Quantity\"]}}]"}}, {"model": "admin.logentry", "pk": 217, "fields": {"action_time": "2021-02-09T16:45:48.048Z", "user": 2, "content_type": 16, "object_id": "10", "object_repr": "3D9E3247E5C44F2C95D35CE1EA30043C", "action_flag": 3, "change_message": ""}}, {"model": "admin.logentry", "pk": 218, "fields": {"action_time": "2021-02-09T16:45:48.074Z", "user": 2, "content_type": 16, "object_id": "9", "object_repr": "92CDE68CEBDF4656A9481D7955547844", "action_flag": 3, "change_message": ""}}, {"model": "admin.logentry", "pk": 219, "fields": {"action_time": "2021-02-09T16:45:48.099Z", "user": 2, "content_type": 16, "object_id": "8", "object_repr": "A7A622955747484885A5F812A43BBAB4", "action_flag": 3, "change_message": ""}}, {"model": "admin.logentry", "pk": 220, "fields": {"action_time": "2021-02-09T16:45:48.121Z", "user": 2, "content_type": 16, "object_id": "7", "object_repr": "2EBEEC8A786E47E29CD4B7005E11D5C7", "action_flag": 3, "change_message": ""}}, {"model": "admin.logentry", "pk": 221, "fields": {"action_time": "2021-02-09T16:45:48.143Z", "user": 2, "content_type": 16, "object_id": "6", "object_repr": "E84FF37790464B01AD3A448053DA19EE", "action_flag": 3, "change_message": ""}}, {"model": "admin.logentry", "pk": 222, "fields": {"action_time": "2021-02-09T16:45:48.168Z", "user": 2, "content_type": 16, "object_id": "5", "object_repr": "0110177A659C442494BDDAFA8C7E9471", "action_flag": 3, "change_message": ""}}, {"model": "admin.logentry", "pk": 223, "fields": {"action_time": "2021-02-09T16:45:48.189Z", "user": 2, "content_type": 16, "object_id": "4", "object_repr": "3CE6A39F37CE4CB598D497D8CE43DC32", "action_flag": 3, "change_message": ""}}, {"model": "admin.logentry", "pk": 224, "fields": {"action_time": "2021-02-09T16:45:48.219Z", "user": 2, "content_type": 16, "object_id": "3", "object_repr": "CE9AFA75A7854916AFB2A7502CDF3428", "action_flag": 3, "change_message": ""}}, {"model": "admin.logentry", "pk": 225, "fields": {"action_time": "2021-02-09T16:45:48.239Z", "user": 2, "content_type": 16, "object_id": "2", "object_repr": "B3E6DADBEC414AAAABE62C2C2C5ECC64", "action_flag": 3, "change_message": ""}}, {"model": "admin.logentry", "pk": 226, "fields": {"action_time": "2021-02-11T09:17:35.967Z", "user": 2, "content_type": 17, "object_id": "1", "object_repr": "Keeping Your Cats Weight in Check", "action_flag": 1, "change_message": "[{\"added\": {}}]"}}, {"model": "admin.logentry", "pk": 227, "fields": {"action_time": "2021-02-11T09:19:12.072Z", "user": 2, "content_type": 17, "object_id": "2", "object_repr": "How to Litter Train Your Cat", "action_flag": 1, "change_message": "[{\"added\": {}}]"}}, {"model": "admin.logentry", "pk": 228, "fields": {"action_time": "2021-02-11T09:21:01.523Z", "user": 2, "content_type": 17, "object_id": "3", "object_repr": "Going on Holiday?  Boarding  Your Dog?", "action_flag": 1, "change_message": "[{\"added\": {}}]"}}, {"model": "admin.logentry", "pk": 229, "fields": {"action_time": "2021-02-11T09:23:09.159Z", "user": 2, "content_type": 17, "object_id": "4", "object_repr": "Your Puppy Questions ... All The FAQs", "action_flag": 1, "change_message": "[{\"added\": {}}]"}}, {"model": "admin.logentry", "pk": 230, "fields": {"action_time": "2021-02-19T08:21:46.262Z", "user": 2, "content_type": 16, "object_id": "4", "object_repr": "51933CD4786046339D8593CFD77E6BA9", "action_flag": 2, "change_message": "[{\"changed\": {\"name\": \"order line item\", \"object\": \"SKU 145300ABDV on order 51933CD4786046339D8593CFD77E6BA9\", \"fields\": [\"Quantity\"]}}]"}}, {"model": "admin.logentry", "pk": 231, "fields": {"action_time": "2021-02-22T07:20:05.986Z", "user": 2, "content_type": 16, "object_id": "19", "object_repr": "920658F2CBDE479DB4EB4A850E11893D", "action_flag": 3, "change_message": ""}}, {"model": "admin.logentry", "pk": 232, "fields": {"action_time": "2021-02-22T07:20:06.007Z", "user": 2, "content_type": 16, "object_id": "18", "object_repr": "9A1958F709B64E2A864A502014770325", "action_flag": 3, "change_message": ""}}, {"model": "admin.logentry", "pk": 233, "fields": {"action_time": "2021-02-22T07:20:06.028Z", "user": 2, "content_type": 16, "object_id": "17", "object_repr": "866FBB1A699A4802BDFA339F8A1F0A8B", "action_flag": 3, "change_message": ""}}, {"model": "admin.logentry", "pk": 234, "fields": {"action_time": "2021-02-22T07:20:06.049Z", "user": 2, "content_type": 16, "object_id": "16", "object_repr": "C728A77FF7254BC895A32563374CE2F7", "action_flag": 3, "change_message": ""}}, {"model": "admin.logentry", "pk": 235, "fields": {"action_time": "2021-02-22T07:20:06.070Z", "user": 2, "content_type": 16, "object_id": "15", "object_repr": "22542C78E87A43C79946EE4B1BA5BDB3", "action_flag": 3, "change_message": ""}}, {"model": "admin.logentry", "pk": 236, "fields": {"action_time": "2021-02-22T07:20:06.091Z", "user": 2, "content_type": 16, "object_id": "14", "object_repr": "DA05C3C246E4470BB4ECB00B8DFB6464", "action_flag": 3, "change_message": ""}}, {"model": "admin.logentry", "pk": 237, "fields": {"action_time": "2021-02-22T07:20:06.111Z", "user": 2, "content_type": 16, "object_id": "13", "object_repr": "AFEBD516A7B045918F22F82A84731F37", "action_flag": 3, "change_message": ""}}, {"model": "admin.logentry", "pk": 238, "fields": {"action_time": "2021-02-22T07:20:40.914Z", "user": 2, "content_type": 16, "object_id": "5", "object_repr": "23C84B3BB8374279A9783904AF1C8DDD", "action_flag": 3, "change_message": ""}}, {"model": "admin.logentry", "pk": 239, "fields": {"action_time": "2021-02-22T07:20:40.943Z", "user": 2, "content_type": 16, "object_id": "4", "object_repr": "51933CD4786046339D8593CFD77E6BA9", "action_flag": 3, "change_message": ""}}, {"model": "admin.logentry", "pk": 240, "fields": {"action_time": "2021-02-22T07:20:40.966Z", "user": 2, "content_type": 16, "object_id": "3", "object_repr": "7F945A338DEC4054865F7B6B30A9989E", "action_flag": 3, "change_message": ""}}, {"model": "admin.logentry", "pk": 241, "fields": {"action_time": "2021-02-22T07:20:40.987Z", "user": 2, "content_type": 16, "object_id": "2", "object_repr": "9E6D9884C99C40909CC0A1A55B38D129", "action_flag": 3, "change_message": ""}}, {"model": "admin.logentry", "pk": 242, "fields": {"action_time": "2021-02-22T07:20:41.007Z", "user": 2, "content_type": 16, "object_id": "1", "object_repr": "BA2A4A46F0114DC1960746526DBC965F", "action_flag": 3, "change_message": ""}}, {"model": "admin.logentry", "pk": 243, "fields": {"action_time": "2021-02-22T07:21:07.448Z", "user": 2, "content_type": 16, "object_id": "9", "object_repr": "3CE8F0AE8DCE46F7A08CFCEDC7156D5B", "action_flag": 3, "change_message": ""}}, {"model": "admin.logentry", "pk": 244, "fields": {"action_time": "2021-02-22T07:21:07.472Z", "user": 2, "content_type": 16, "object_id": "8", "object_repr": "6810DA59673A4B838F964F9EE187A1BC", "action_flag": 3, "change_message": ""}}, {"model": "admin.logentry", "pk": 245, "fields": {"action_time": "2021-02-22T07:21:07.493Z", "user": 2, "content_type": 16, "object_id": "7", "object_repr": "EDB3C7D22C5748D9A233042495102DF6", "action_flag": 3, "change_message": ""}}, {"model": "admin.logentry", "pk": 246, "fields": {"action_time": "2021-02-22T07:21:07.514Z", "user": 2, "content_type": 16, "object_id": "6", "object_repr": "A8BD838D92B14AC6B937EF838F41C569", "action_flag": 3, "change_message": ""}}, {"model": "admin.logentry", "pk": 247, "fields": {"action_time": "2021-02-22T11:11:08.804Z", "user": 2, "content_type": 17, "object_id": "5", "object_repr": "Kittens and Lockdown", "action_flag": 2, "change_message": "[]"}}, {"model": "admin.logentry", "pk": 248, "fields": {"action_time": "2021-02-22T11:11:24.344Z", "user": 2, "content_type": 17, "object_id": "4", "object_repr": "Your Puppy Questions ... All The FAQs", "action_flag": 2, "change_message": "[{\"changed\": {\"fields\": [\"Status\"]}}]"}}, {"model": "admin.logentry", "pk": 249, "fields": {"action_time": "2021-02-22T11:11:47.236Z", "user": 2, "content_type": 17, "object_id": "3", "object_repr": "Going on Holiday?  Boarding  Your Dog?", "action_flag": 2, "change_message": "[{\"changed\": {\"fields\": [\"Status\"]}}]"}}, {"model": "admin.logentry", "pk": 250, "fields": {"action_time": "2021-02-22T11:15:47.361Z", "user": 2, "content_type": 17, "object_id": "4", "object_repr": "Your Puppy Questions ... All The FAQs", "action_flag": 2, "change_message": "[{\"changed\": {\"fields\": [\"Image\"]}}]"}}, {"model": "admin.logentry", "pk": 251, "fields": {"action_time": "2021-02-22T11:17:10.310Z", "user": 2, "content_type": 17, "object_id": "3", "object_repr": "Going on Holiday?  Boarding  Your Dog?", "action_flag": 2, "change_message": "[{\"changed\": {\"fields\": [\"Image\"]}}]"}}, {"model": "admin.logentry", "pk": 252, "fields": {"action_time": "2021-02-22T11:17:17.393Z", "user": 2, "content_type": 17, "object_id": "3", "object_repr": "Going on Holiday?  Boarding  Your Dog?", "action_flag": 2, "change_message": "[]"}}, {"model": "admin.logentry", "pk": 253, "fields": {"action_time": "2021-02-22T11:18:39.397Z", "user": 2, "content_type": 17, "object_id": "2", "object_repr": "How to Litter Train Your Cat", "action_flag": 2, "change_message": "[{\"changed\": {\"fields\": [\"Image\", \"Status\"]}}]"}}, {"model": "admin.logentry", "pk": 254, "fields": {"action_time": "2021-02-22T11:19:08.796Z", "user": 2, "content_type": 17, "object_id": "1", "object_repr": "Keeping Your Cats Weight in Check", "action_flag": 2, "change_message": "[{\"changed\": {\"fields\": [\"Image\", \"Status\"]}}]"}}, {"model": "admin.logentry", "pk": 255, "fields": {"action_time": "2021-02-22T11:32:39.235Z", "user": 2, "content_type": 17, "object_id": "4", "object_repr": "Your Puppy Questions ... All The FAQs", "action_flag": 2, "change_message": "[]"}}, {"model": "admin.logentry", "pk": 256, "fields": {"action_time": "2021-02-22T12:19:35.323Z", "user": 2, "content_type": 17, "object_id": "6", "object_repr": "How To Train Your Puppy --- The RIGHT Way!", "action_flag": 2, "change_message": "[{\"changed\": {\"fields\": [\"Image\"]}}]"}}, {"model": "auth.user", "pk": 1, "fields": {"password": "pbkdf2_sha256$216000$kmQfQRrXkIUm$mDOAXthruolTQtAb/zfaiFKK/UI/r2EaX58LNf90Llk=", "last_login": "2021-01-30T15:22:32.132Z", "is_superuser": true, "username": "mr19331", "first_name": "", "last_name": "", "email": "mr19331@gmail.com", "is_staff": true, "is_active": true, "date_joined": "2021-01-07T15:57:05.684Z", "groups": [], "user_permissions": []}}, {"model": "auth.user", "pk": 2, "fields": {"password": "pbkdf2_sha256$216000$9KzzdjSH8cjr$buLEsH2O6JRqBC49VSzO8I0Hfbw7RLT0wTVgJZ0M6cg=", "last_login": "2021-02-22T09:36:35.640Z", "is_superuser": true, "username": "pethubadmin", "first_name": "", "last_name": "", "email": "pethub@gmail.com", "is_staff": true, "is_active": true, "date_joined": "2021-02-06T12:50:52.185Z", "groups": [], "user_permissions": []}}, {"model": "auth.user", "pk": 3, "fields": {"password": "pbkdf2_sha256$216000$ymAIjX5RxWD1$r21N9zBNf2EqR8en+OH/Iuku7+EJmO/fNg42W6xQXfk=", "last_login": null, "is_superuser": false, "username": "anything", "first_name": "", "last_name": "", "email": "test@test.com", "is_staff": false, "is_active": true, "date_joined": "2021-02-11T19:53:47.884Z", "groups": [], "user_permissions": []}}, {"model": "auth.user", "pk": 4, "fields": {"password": "pbkdf2_sha256$216000$7MhWoJdEhXaj$Ss9hWX1YmoF8UhaAPYVgSDAF8QSPdxsVdsrUXNUx/7A=", "last_login": "2021-02-13T09:45:09.309Z", "is_superuser": false, "username": "flowers", "first_name": "", "last_name": "", "email": "flowery@gmail.com", "is_staff": false, "is_active": true, "date_joined": "2021-02-11T20:07:47.542Z", "groups": [], "user_permissions": []}}, {"model": "auth.user", "pk": 5, "fields": {"password": "pbkdf2_sha256$216000$tsGOCqjx3012$sFHo7L7EQGqHWi0Y0INj3zPsx56NnfROxLCtcNDLaKQ=", "last_login": "2021-02-19T08:24:07.431Z", "is_superuser": false, "username": "annetaylor", "first_name": "", "last_name": "", "email": "ataylor@gmail.com", "is_staff": false, "is_active": true, "date_joined": "2021-02-15T09:47:57.882Z", "groups": [], "user_permissions": []}}, {"model": "auth.user", "pk": 6, "fields": {"password": "pbkdf2_sha256$216000$huBHXzIH7Aqj$JJ/eLtey6NXnhUofHwHdGr/qbFe2Yi0YU9i8VgnXOKk=", "last_login": null, "is_superuser": true, "username": "admin4PH", "first_name": "", "last_name": "", "email": "adminpethub@gmail.com", "is_staff": true, "is_active": true, "date_joined": "2021-02-16T13:36:48.833Z", "groups": [], "user_permissions": []}}, {"model": "sessions.session", "pk": "4u6mqlpv6g2bd6xdzui8i9920zvcrqsx", "fields": {"session_data": "eyJjYXJ0Ijp7IjYiOnsiaXRlbXNfYnlfc2l6ZSI6eyJzIjoxfX19fQ:1l8JpQ:xNisHAgyx-CwrHBmfEOvWnZk5C3PKdd9ymaJsgDI7Ro", "expire_date": "2021-02-20T09:24:32.323Z"}}, {"model": "sessions.session", "pk": "5nzesj7bhtq8lkn1fytrmjjjq3q08ish", "fields": {"session_data": ".eJx9jjkOgzAQRe_iGlleMVCm5wyWl3FwFpCwKRLku8dIFEmTZor3_v-aHWmz5UlvCVYdPRoQQ803s8bdYT6Ev5n5umC3zHmNFh8RfNqEx8XD43JmfwYmk6baJi0LxHTEOu68pL6TLVEV9hyYb5lSijoiAKplQapeOiECl4KywCQhqo46s2Y07PXDemKGZ9L2pVN8wwESGmgpDeJ_bCkff8tNiw:1lAxb4:ohDRR8QU0-aq8Ee3dYMvxxMrrKwDlv3ASqXbKMqTZAM", "expire_date": "2021-02-27T16:16:38.283Z"}}, {"model": "sessions.session", "pk": "69ijbw2gh8q8b2sm5h52850ihxb30i6l", "fields": {"session_data": ".eJxVjEEOwiAQRe_C2pAZCxlw6d4zkGEAqRqalHbVeHdt0oVu_3vvbyrwutSw9jyHMamLQnX63SLLM7cdpAe3-6Rlass8Rr0r-qBd36aUX9fD_Tuo3Ou3LpJ5sAmLQThbQTcUCxQFqBAUGcCh9cZ68h7AJTRGUvaMhlCYyKv3B9Q3NxY:1l5lH5:E64iSHaFxtVItfMUwYfZSUBYWT79Dhe4Cj11nLDW0AI", "expire_date": "2021-02-13T08:06:31.242Z"}}, {"model": "sessions.session", "pk": "6g6i8bz3rft2n7wzitivofnybgqur5ma", "fields": {"session_data": ".eJx9jLkOgzAQRP9la4R8YQJl-nyDZZvd4BwQsSDlEP-eWKJImjRTzHszL3B-mXu3ME4uddCCgeK7Cz6eccigO_nhOJZxHOYphTIr5Ua5PIwdXvab-3PQe-4_a9HYmqRWkbQNNsRdMAqpJlGRNyZQ1IKoFkZXsiLb7VTdRCkNaamNkhbzKSNzGgeH91uaHtCKAqKfZmhfoHKkGa_swsNxemIuGFq5rgXoP3Rd32vEVZQ:1lAbEb:zk6zEZ_4_7doSDbPxeDFT0TCp7RQTk95zhx61b0KHRM", "expire_date": "2021-02-26T16:23:57.291Z"}}, {"model": "sessions.session", "pk": "abqsj10054rvmu0lsi4xwardwt27w9uh", "fields": {"session_data": ".eJxVjMsOgjAQRf-la9MMQx_A0r3f0PQxlappCYVEY_x3IWGh23POvW9m7LqMZq00mxTYwJCdfpmz_k55F-Fm87VwX_IyJ8f3hB-28ksJ9Dgf7d_BaOu4rUFhBNuB860PsgmdVKA32LeEQaHWuvEgiDaLUepeeiFiK0WDESWA3k8r1ZpKNvSc0vxiA3y-UZc94w:1lEAGf:mzcpDtm0EoQrZTkQcVSqZXQdLmhdE5Jhy3dlxLd2b98", "expire_date": "2021-03-08T12:24:49.764Z"}}, {"model": "sessions.session", "pk": "cmbx28uxtvygu9snecqg6lel88nf605e", "fields": {"session_data": ".eJxVTEsOgjAQvcusSdOxrdOydO8ZyDBtBTWQ8FkR7i4gC928l_ddoOJ5aqp5TEPVRigBofj1apZX6vYgPrl79Er6bhraWu0VdaajuvcxvW9n9--g4bHZ1lkSGxcxW9QXJ-hNdppq0ZRJZzHaowvWBQpBax_RWokpMFpCYaKwnQoPE5QLXKHEAsyBaA-60Ff5jdb1A6AbQB0:1l7fEW:hvRjOrfr8SQ-thtc4fOGgXR9sjKe8JgS4iQ7wbdHJoI", "expire_date": "2021-02-18T14:03:44.938Z"}}, {"model": "sessions.session", "pk": "gjicftto6f19sql62512v8fgzv2igclh", "fields": {"session_data": "eyJhY2NvdW50X3ZlcmlmaWVkX2VtYWlsIjpudWxsLCJhY2NvdW50X3VzZXIiOiIzIn0:1lAI28:Z38LRAo1H8zQLn5MSirGFZ8Ix0-tOGk7V96L2PUX4pI", "expire_date": "2021-02-25T19:53:48.178Z"}}, {"model": "sessions.session", "pk": "is0k7892hnby1oc8lfz3s2u9avg5993h", "fields": {"session_data": ".eJxVjMsOgjAQRf-la9MMQx_A0r3f0PQxlappCYVEY_x3IWGh23POvW9m7LqMZq00mxTYwJCdfpmz_k55F-Fm87VwX_IyJ8f3hB-28ksJ9Dgf7d_BaOu4rUFhBNuB860PsgmdVKA32LeEQaHWuvEgiDaLUepeeiFiK0WDESWA3k8r1ZpKNvSc0vxiA3y-UZc94w:1lC5gL:uHezujdxEp7mT6RiGy30ybCQXo1gqCmMLl8Z4lce1ik", "expire_date": "2021-03-02T19:06:45.901Z"}}, {"model": "sessions.session", "pk": "jw90geiiqljpduow1xbswf483c7ecsnq", "fields": {"session_data": ".eJxVjEEOwiAURO_y16YBWopl6d4zEAofi1Yw_a2xmt7dkrhxM4v3ZuYDZJ9oYgoZdLAj4QGcnWbQH-Al4ox3Mv1qKL6xAALNt207gLHLPJiFcDLRgwYBf6y37oapCH-16ZIrl9M8xb4qlepnqTpnj-Pp1_07GCwN-5q1IjB7ZL2rnZfcH2XL1A67GoVvhVKKO9Yg7lYEqTrpmibUsuEiCMmYKqeERDEng69HnFbQbPsCEtRRUw:1lE53U:pwVMYy8pdI86t8NF-VjWhXoy3z_Fh26qUkn8VKXZ8E4", "expire_date": "2021-03-08T06:50:52.826Z"}}, {"model": "sessions.session", "pk": "k1jckcp8bffr0axdg2ks9fz9uxwfikmi", "fields": {"session_data": ".eJxVjMEOgyAQBf9lz4asCKIee-83EISl0jZgQJs2Tf-9mnhorzPz3hu0WZdJr4WyDg4G4FD9stHYG8VduKuJl8RsiksOI9sTdtjCzsnR_XS0fweTKdO2xpZ7NB2OtrFO1q6TLaoN9g1x13KlVG1REG2We6l6aYXwjRQ191wiqv20UCkhRU3POeQXDFhBMQ_SIfoEw5JX-nwBoDdEBw:1lE5Wl:T7AnWNmMQc1sTqBo-BnsnSnwXN72CkTgKls5aYgRfus", "expire_date": "2021-03-08T07:21:07.679Z"}}, {"model": "sessions.session", "pk": "l6an2za2egas1pwseen0vwee9zg2ernp", "fields": {"session_data": ".eJxljMsOgjAUBf-la0L6ogWW7v2Gpo97pYqtoWA0xn9XDDExbmfmnAex3uclzeYKU8QIwcDZxpH0aRnH6muXAhPpiSQVMXaZhw8wMfwzZ_0J0irC0aZDrn1O8xRdvSb1Zku9zwHG3db-HAy2DO817ZRGJrhHoZxyvnWSA2qkDVopHXpBETWVomENqtBy3XnGJAomJGcK1tMCpcScDNwucbqTnj5feCFQQg:1lAIIN:Xojn7daN722GTq8kZPQldeOf_aJ-VYpP2SSA8LOdzow", "expire_date": "2021-02-25T20:10:35.590Z"}}, {"model": "sessions.session", "pk": "psjwhz6vib4og1efuc5t6in4og3xuqod", "fields": {"session_data": ".eJxVjMsOgjAQRf-la9MMQx_A0r3f0PQxlappCYVEY_x3IWGh23POvW9m7LqMZq00mxTYwJCdfpmz_k55F-Fm87VwX_IyJ8f3hB-28ksJ9Dgf7d_BaOu4rUFhBNuB860PsgmdVKA32LeEQaHWuvEgiDaLUepeeiFiK0WDESWA3k8r1ZpKNvSc0vxiA3y-UZc94w:1lC0jt:rLNo34EqoJSO5piQzqoExLcNc61U5dm6ftGIfNNK2ig", "expire_date": "2021-03-02T13:50:05.738Z"}}, {"model": "sessions.session", "pk": "pto2gdsi14phmraf7x6hemwo9rn91bc3", "fields": {"session_data": ".eJxVjcsOgjAQRf-la0Ja6APZ6Y80M-00NJJiaGs0xn8XDAtd3te5L2ahlsnWTKuNno1MsebXQ3BXSnsA87zbLTi31FTab-eIc3veFKUSHZS4pMux-kNNkKeNE0zgQXIy3iDKDh320oEwAtSgVIeaA5mTcNxr5YWQ2PNOcNCDQQ0c3Q7NlPN2Y-lxi-uTjbxhGe5kYwoLG8ta6f0BeQRJsA:1lBqAM:fnlL5A7yZK-cCxGlpf_FvAVy90tGkxpSYCvSeOOeroM", "expire_date": "2021-03-02T02:32:42.015Z"}}, {"model": "sessions.session", "pk": "qc0pk6sfw9tt60rmzfensf3s0civ3v76", "fields": {"session_data": ".eJx9jjsOgzAQRO-yNULG2Bgo0-cMlj9LcD4QsSCFIO4eW6JImjRbvDcz2g20WeZeL4STDh5a4JB9M2vcDYck_NUMlzF34zBPweYpkh-W8vPo8X46sj8DvaE-tlnFO2ZqZl3pvCx8LSumImxK5L7iSqnCMYEYLe-kaqQToiulKHjHJWMqjRIShXHQ-HqGaYWWZeDMNEO7xa_jCTM-SNtVU3hjAgRtse8ZlH_svn8AAqhUyA:1lBcGP:qoQ84bVpU1zfeRjE00KL3xnA2aD4ZA-RiK6JTQDs2MA", "expire_date": "2021-03-01T11:42:01.859Z"}}, {"model": "sessions.session", "pk": "rw9hluq5hzk7swh2mrpb0ru4zx04ybrq", "fields": {"session_data": "eyJjYXJ0Ijp7IjIiOnsiaXRlbXNfYnlfc2l6ZSI6eyJtIjoxfX19fQ:1l6rZN:2DH42_vxrQqcdIbz3ptXqmSM9Sql52ptKyo6ndg0z0M", "expire_date": "2021-02-16T09:01:57.253Z"}}, {"model": "sessions.session", "pk": "tjj87m8p20e6qlxiodphopvqvbazbnm4", "fields": {"session_data": ".eJxVjMEOwiAQBf-FsyFbCqXt0bvfQCgsFjVgWGo0xn-3TXrpdWbe-zKyLzQxhczGWhY8MWOXOpuFsJjo2cgEO7DJujumTfibTdfMXU61xIlvCd8t8Uv2-Djv7eFgtjSva-hEANvD5FrnVeN71YFe4dCi8J3QWjcOJOJqRVB6UE7K0CrZiCAUgN5OCYliTgbfz1g-bITfHyCIRAc:1lE4uk:jvcnFXTTgaqGVlWHUmkFXXC4Qof0gpt3FbOVVk3R3Pc", "expire_date": "2021-03-08T06:41:50.292Z"}}, {"model": "sessions.session", "pk": "wws8c813vegy70dz0hnls1g1qps3bqed", "fields": {"session_data": ".eJw1yLEKgCAUBdBfedzZIaMWxwj6hsgQSbGCeuDLlujfmzrjebD4fME80A2MfhXcEUV8igKDabJwbhc-_7VQlapbZTFyodXfkXwIMVDPiYbMfGxnoi4XWeli0hbzjPcDnNQhOA:1l7OTJ:ELmUd7iFNJKS3v21-MnXMU7TnzxA6dnHKHJgtur92k4", "expire_date": "2021-02-17T20:09:53.788Z"}}, {"model": "sessions.session", "pk": "xa134pxfxj9b320tazilm7onzk37rq0e", "fields": {"session_data": ".eJx9jcEOgjAMht-lZ0M2YEy56YssbSlhUdHQkYiGd5cZL168NOn3tf__AsYpQfuCMo-Y5KqBlqDxKRkotHZdd1D9sZsOOKchzCpTiB204OCHEfJZxizwcsm4QObbPKbic_PVWhy3TcYUGVO8jafv10_UgDpsOb3vTV8b8Z0nqktiqmpG6y26vXMlNQbFHyybrnGdtTVVprQGm72nBg1xDlVR3WqCPO5xWqA16xvnNlpx:1lBpEw:CiwQaEd4iHyRsSuYymynCoPPqbP9_QLLCRBGUkV9FyE", "expire_date": "2021-03-02T01:33:22.290Z"}}, {"model": "sessions.session", "pk": "zesrozvlro430sadv9xwnt09wp8jpfbq", "fields": {"session_data": ".eJxVjMsOgjAQRf-la9MMQx_A0r3f0PQxlappCYVEY_x3IWGh23POvW9m7LqMZq00mxTYwJCdfpmz_k55F-Fm87VwX_IyJ8f3hB-28ksJ9Dgf7d_BaOu4rUFhBNuB860PsgmdVKA32LeEQaHWuvEgiDaLUepeeiFiK0WDESWA3k8r1ZpKNvSc0vxiA3y-UZc94w:1lCKlQ:6LFxzyTuMdE2fDohVaI0xgO-B1IWIG0pnhVb1-gvqR8", "expire_date": "2021-03-03T11:13:00.939Z"}}, {"model": "sites.site", "pk": 1, "fields": {"domain": "PetHub", "name": "pethub.example.com"}}, {"model": "account.emailaddress", "pk": 1, "fields": {"user": 1, "email": "mr19331@gmail.com", "verified": true, "primary": true}}, {"model": "account.emailaddress", "pk": 2, "fields": {"user": 2, "email": "pethub@gmail.com", "verified": true, "primary": true}}, {"model": "account.emailaddress", "pk": 3, "fields": {"user": 3, "email": "test@test.com", "verified": false, "primary": true}}, {"model": "account.emailaddress", "pk": 4, "fields": {"user": 4, "email": "flowery@gmail.com", "verified": true, "primary": true}}, {"model": "account.emailaddress", "pk": 5, "fields": {"user": 5, "email": "ataylor@gmail.com", "verified": true, "primary": true}}, {"model": "products.category", "pk": 1, "fields": {"name": "harness_collars", "friendly_name": "Harness and Collars"}}, {"model": "products.category", "pk": 2, "fields": {"name": "coats", "friendly_name": "Coats"}}, {"model": "products.category", "pk": 3, "fields": {"name": "dog_grooming", "friendly_name": "Dog Grooming"}}, {"model": "products.category", "pk": 4, "fields": {"name": "dog_feeding", "friendly_name": "Dog Feeding"}}, {"model": "products.category", "pk": 6, "fields": {"name": "cat_toys", "friendly_name": "Cat Toys"}}, {"model": "products.category", "pk": 7, "fields": {"name": "cat_collars", "friendly_name": "Cat Collars"}}, {"model": "products.category", "pk": 8, "fields": {"name": "cat_feeding", "friendly_name": "Cat Feeding"}}, {"model": "products.category", "pk": 11, "fields": {"name": "best_seller", "friendly_name": "Best Seller"}}, {"model": "products.category", "pk": 22, "fields": {"name": "new_arrivals", "friendly_name": "New Arrivals"}}, {"model": "products.product", "pk": 1, "fields": {"category": 1, "sku": "145300ABFG", "name": "Small adventure harness", "description": "Does your dog have a taste for exploration? ThispolyesterBunty Adventure Harnesscomes with two separate attachment points. The first A-loop on the back gives your furry friend a greater degree of freedom, while the chest-mounted ring grants the owner a greater sense of control.", "has_sizes": true, "price": "2.99", "rating": "5.60", "image_url": null, "image": "180052305HC.jpg"}}, {"model": "products.product", "pk": 2, "fields": {"category": 1, "sku": "145300ABDV", "name": "Tartan Harness from Bunty", "description": "Adjustable straps for a comfy fit.\r\nFabricated using a water-resistant material.\r\nOffers two points of attachment  an A loop on the back and a chest-mounted ring for varied control.\r\nBuilt-in reinforced rubber handle on the back to allows you to pick up your pup quickly.\r\nDesigned with a large chest plate that provides an even spread of weight to prevent injury.\r\nReflective piping to ensure excellent night visibility", "has_sizes": true, "price": "21.99", "rating": "7.00", "image_url": null, "image": "180052301HC.jpg"}}, {"model": "products.product", "pk": 3, "fields": {"category": 1, "sku": "145300ABRU", "name": "Halti Nose Collar", "description": "The complete Stop Pulling Program! This Halti Optifit Dog Headcollar is highly adjustable and stops dogs from pulling by gently directing the head so that the body has to follow.\r\nSpecially designed to provide an ergonomic and comfortable fit, the adjustable chin-strap, with secure camlock, allows a customised fitting for every dog.", "has_sizes": true, "price": "14.99", "rating": "8.50", "image_url": null, "image": "180052303HC.jpg"}}, {"model": "products.product", "pk": 4, "fields": {"category": 1, "sku": "145300ABTR", "name": "Flashing Collar", "description": "This great USB Rechargeable Flashing Dog Collar Band is a big help in keeping your canine friend safe on dark evening walks, creates a highly visible light that can be seen for up to 500 metres giving motorists warning of your pet's presence", "has_sizes": false, "price": "9.99", "rating": "8.50", "image_url": null, "image": "18005230HC.jpg"}}, {"model": "products.product", "pk": 5, "fields": {"category": 2, "sku": "186400DRRU", "name": "Navy Quilted Coat", "description": "This quality  Quilt Dog Coat is perfect for keeping your dog snug, dry and warm when outdoors. It  is particularly good for smaller dogs or long haired breeds as it will protect your canine friends coat from rain, mud, snow and the elements.", "has_sizes": true, "price": "15.99", "rating": "7.00", "image_url": null, "image": "18005538C.jpg"}}, {"model": "products.product", "pk": 6, "fields": {"category": 2, "sku": "186400DRRU", "name": "Reflective Hi-Viz Coat", "description": "ThisHi Viz Safety Dog Coatwill ensure your dog is easily seen at night as well as highly visible at other times. Walking dogs at night in areas with low-lighting can be dangerous, so it is essential to provide a little extra safety in the dark to help make your canine friend more visible to drivers. A great safety dog coat at a great price.", "has_sizes": true, "price": "15.99", "rating": "9.00", "image_url": null, "image": "18005536C.jpg"}}, {"model": "products.product", "pk": 7, "fields": {"category": 2, "sku": "186400DRRU", "name": "Danish Design 2-in-1 Coat", "description": "The Danish Design 2 in 1 Dog Coat is the perfect coat whatever the season.\r\n\r\nWith its removable Polar Fleece liner, this coat is superb for both the winter and warmer months. The coat is a lightweight waterproof and breathable to protect your dog from summer showers. When the weather gets cooler simply re-attach the fleece and you have a warm and waterproof all-purpose winter coat.", "has_sizes": true, "price": "24.99", "rating": "8.00", "image_url": null, "image": "180055402C.jpg"}}, {"model": "products.product", "pk": 8, "fields": {"category": 2, "sku": "186400DRRU", "name": "Waterproof Coat", "description": "This All Weather Waterproof Coat is not only stylish but warm too. \r\n\r\nWaterproof nylon\r\nWarm fur lining\r\nEasy fastening Velcro strap", "has_sizes": true, "price": "21.99", "rating": "8.50", "image_url": null, "image": "18005539C.jpg"}}, {"model": "products.product", "pk": 9, "fields": {"category": 4, "sku": "1276500TWS", "name": "Ergo  Feeder Bowl", "description": "The Savic Ergo Feeder 28cm is perfect for medium to larger sized dogs who have digestion problems or suffer from arthritis.\r\n\r\nThis item is assorted so we cannot offer a choice of colour.", "has_sizes": false, "price": "16.99", "rating": "7.00", "image_url": null, "image": "18005539DF.jpg"}}, {"model": "products.product", "pk": 10, "fields": {"category": 4, "sku": "1276500TPL", "name": "Gobble Stop Bowl", "description": "The  Gobble Stopper will instantly slow the speed at which your dog eats!\r\nPlace the Gobble Stopper disc over your dogs wet or dry food and you'll be amazed at how effective it is\r\nThis simple, yet effective, device will help to reduce belching and bloat that can be associated with pets that eat too quickly. It is simple to use, and easy to clean", "has_sizes": false, "price": "10.99", "rating": "9.00", "image_url": null, "image": "18005534DF.jpg"}}, {"model": "products.product", "pk": 11, "fields": {"category": 4, "sku": "1276500TOQ", "name": "Lickimat Playdate", "description": "The Lickimat PlaymateTreat Mat is designed as a tasty boredom buster for your cat or dog. By spreading their favourite soft treat over its surface, you can create a fun and tasty game that will keep them licking and entertained for long periods of time.\r\nWorks well as a slow feeder\r\nRecommended by vets and animal behaviourists", "has_sizes": false, "price": "8.99", "rating": "7.50", "image_url": null, "image": "18005533DF.jpg"}}, {"model": "products.product", "pk": 12, "fields": {"category": 4, "sku": "1276500TGG", "name": "Slow Feeder", "description": "Turn your dogs meal into a challenging game with this Green Slow Dog Feeder and significantly reduce the risk of bloat. It is a really simple solution to encourage a slower pace and reduce the excessive air intake that can lead to bloating or vomiting. Simply scatter the food across the feeder and watch your dog work to get at it.", "has_sizes": false, "price": "18.99", "rating": "8.00", "image_url": null, "image": "18005532DF.jpg"}}, {"model": "products.product", "pk": 13, "fields": {"category": 3, "sku": "1758300TRE", "name": "Dry Mitt", "description": "The Tall Tails Wet Paws Drying Mitt is a super absorbent mitt that allows you to clean your dogs paws before they come in the house.\r\nSuper absorbent.\r\nOne size fits all hands.\r\nLoop to hang up for convenience.\r\nMachine wash & dry.", "has_sizes": false, "price": "10.99", "rating": "8.00", "image_url": null, "image": "18005556DG.jpg"}}, {"model": "products.product", "pk": 14, "fields": {"category": 3, "sku": "1758300OPI", "name": "Dog Grooming Brush", "description": "The Mikki Easy Clean Slicker has specially shaped slicker pins that retract to easily clear the slicker of dead hair so you can carry on grooming.\r\n\r\nRemoves dead hair from undercoat and top coat.\r\nHelps brush out minor knots and tangles.\r\nPush button quickly removes dead hair from the slicker.", "has_sizes": false, "price": "8.99", "rating": "6.00", "image_url": null, "image": "18005565DG.jpg"}}, {"model": "products.product", "pk": 15, "fields": {"category": 3, "sku": "1758300YTF", "name": "Double side Brush", "description": "The Rosewood Double Sided Soft Protection Salon Brush is a professional, high-quality grooming brush for your pet.\r\n\r\nErgonomic hand and thumb grip.\r\nPin Side breaks up the coat, removing loose hair and debris.\r\nBristle side gives that finishing touch to the coat.\r\nSuitable for short, medium and long coats", "has_sizes": false, "price": "7.99", "rating": "7.00", "image_url": null, "image": "18005555DG.jpg"}}, {"model": "products.product", "pk": 16, "fields": {"category": 3, "sku": "1758300LHF", "name": "Zoom Groom Blue", "description": "The KONG Zoom Groom is an excellent grooming and shampooing brush. The rubber fingers reach through the coat to massage the skin, stimulating capillaries and natural oil production leading to a healthy coat for your dog.\r\n\r\nEasy grip.\r\nPatented brush comfortably massages dog during grooming.\r\nMakes cleaning and shampooing more effective with wide bristles.\r\nSuitable for all types of coat.", "has_sizes": false, "price": "12.99", "rating": "7.50", "image_url": null, "image": "18005551DG.jpg"}}, {"model": "products.product", "pk": 17, "fields": {"category": 8, "sku": "1557688QWS", "name": "Catch Feeder", "description": "The Catit Play Treat Spinner is an interactive slow feeder with dynamic treat spaces that provides your cat with hours of fun. It has a soft and flexible silicone cover that is very easy to clean.\r\n\r\nYou simply insert your cats favourite treat into the flower shaped top opening and let your cat do the rest.", "has_sizes": false, "price": "8.99", "rating": "7.90", "image_url": null, "image": "180088305CF.jpg"}}, {"model": "products.product", "pk": 18, "fields": {"category": 8, "sku": "1557688OPL", "name": "Cat Water Fountain", "description": "The Purrshire Cat Fountain provides continuous flowing water that your cat will love to drink from. Keeps water fresh\r\nElectric pump\r\nDouble water filters\r\nCapacity: 3 Litres", "has_sizes": false, "price": "31.99", "rating": "8.50", "image_url": null, "image": "180088300CF.jpg"}}, {"model": "products.product", "pk": 19, "fields": {"category": 22, "sku": "1557688PFR", "name": "Cat Treat Maze", "description": "Reward your cat's curiosity with the Catit Senses Treat Maze. Stimulating for your cat and highly entertaining for you, this fun toy is a clever way for you to make your kitty work for its treats.", "has_sizes": false, "price": "13.99", "rating": "8.00", "image_url": null, "image": "180088306CF.jpg"}}, {"model": "products.product", "pk": 20, "fields": {"category": 8, "sku": "1557688PFR", "name": "Small Cat Bowl", "description": "Low rim so your cat can enjoy their dinner without disturbing their sensitive whiskers\r\nSustainable and natural bamboo, BPA FREE\r\nDurable and long lasting. and will completely break down once disposed of\r\nDishwasher safe, strong and durable\r\nNon-slip base", "has_sizes": false, "price": "12.99", "rating": "8.00", "image_url": null, "image": "180088303CF.jpg"}}, {"model": "products.product", "pk": 21, "fields": {"category": 6, "sku": "1557699ZSA", "name": "Catnip Bubbles", "description": "Give your cat bubble madness, with this fun catnip scented Cosmic Catnip Bubbles  150ml. This unique interactive toy is a completely safe and non-toxic and makes for hilarious and crazy fun.", "has_sizes": false, "price": "8.99", "rating": "8.50", "image_url": null, "image": "180088202CT.jpg"}}, {"model": "products.product", "pk": 22, "fields": {"category": 6, "sku": "1557699LTE", "name": "Cat Tunnel", "description": "The All For Paws Lambswool Cat Tunnel is a fabulous and fun choice for your feline friend. The tunnel design gives your cat an ideal spot to hide out or sleep in. It also features a central port hole so your cat can pop its head through, keeping an eye out for dinner time.", "has_sizes": false, "price": "21.99", "rating": "7.90", "image_url": null, "image": "180088204CT.jpg"}}, {"model": "products.product", "pk": 23, "fields": {"category": 6, "sku": "1557699WQA", "name": "Snake Teaser", "description": "With natural feathers and an irresistible rattle sound, this soft, plush KONG Cat Snake Teaser is a great cat toy! It has been specially designed to attract your feline friends attention to stimulate your cats hunting instinct. It features a sturdy, plush covered rod and the snake is really long!\r\nA fabulous plaything for your pet and perfect for fun, interactive play. A portion of premium catnip has also been added to further encourage play!", "has_sizes": false, "price": "5.99", "rating": "7.90", "image_url": null, "image": "180088205CT.jpg"}}, {"model": "products.product", "pk": 24, "fields": {"category": 6, "sku": "1557699KLW", "name": "Catnip Caterpillar", "description": "KONG Cat Nibble Critter Catnipillar Toy appeals to a cats natural instinctive desire to claw and bat with an easy-grip mesh fabric. The open netting material cleans and polishes teeth while allowing KONG Premium North American Catnip aromas to flow freely and stimulate a cat's natural curiosity and hunting instincts", "has_sizes": false, "price": "5.99", "rating": "8.10", "image_url": null, "image": "180088201CT.jpg"}}, {"model": "products.product", "pk": 25, "fields": {"category": 7, "sku": "1557655FRE", "name": "Hi Viz Cat Collar", "description": "The Ancol Hi-Vis Cat Collar is a high visibility cat collar with reflective patterns that increases your cat's visibility in low light. The collar is fitted with a break-away buckle to allow your cat an easy escape if they get caught whilst climbing.", "has_sizes": true, "price": "6.99", "rating": "8.00", "image_url": null, "image": "180088804CC.jpg"}}, {"model": "products.product", "pk": 26, "fields": {"category": 7, "sku": "1557655HJD", "name": "Pink Collar with Bell", "description": "Reflective patters increase visibility in low light\r\nBreak-away buckle allows the cat to easily escape if caught whilst climbing\r\nXL warning bell to help protect wildlife", "has_sizes": true, "price": "6.99", "rating": "7.00", "image_url": null, "image": "180088801CC.jpg"}}, {"model": "products.product", "pk": 27, "fields": {"category": 7, "sku": "1557655NBV", "name": "Kitten Reflective Collar", "description": "This Rosewood Kitten Reflective Collar is a nylon collar with a safety buckle, and elastic.  \r\nAvailable in pastel blue or pink, Please note we are unable to allow customers a choice of colour on this product\r\nReflective design\r\nFully adjustable\r\nWill accept most brands cat flap keys\r\nSafety clasp\r\nDimensions: Fits neck size: approx 15-20cm", "has_sizes": false, "price": "4.99", "rating": "7.90", "image_url": null, "image": "180088802CC.jpg"}}, {"model": "products.product", "pk": 28, "fields": {"category": 7, "sku": "1557655PSZ", "name": "Cat Flea Collar", "description": "Seresto Flea & Tick Control Collar is the longest-lasting single application flea and tick protection available, giving you piece of mind for 7-8 months as one collar is all it takes to keep your cat protected.", "has_sizes": false, "price": "35.99", "rating": "8.50", "image_url": null, "image": "180088803CC.jpg"}}, {"model": "products.product", "pk": 29, "fields": {"category": 11, "sku": "1276500BRY", "name": "Travel Bowl", "description": "A very handy addition for long and short trips. A  non-spill bowl that contain food or water for your dog.", "has_sizes": false, "price": "13.99", "rating": "9.20", "image_url": null, "image": "18005531BS.jpg"}}, {"model": "products.product", "pk": 30, "fields": {"category": 11, "sku": "1276500BRT", "name": "Pup Cover-up", "description": "For those cold wet days when your dog just won't leave the house -- change his mind with our Pup Cover-Up   an overall that keeps the wet and cold out and lets your pet enjoy his outing instead of hating it! \r\nOne of our very best selling products!!", "has_sizes": true, "price": "12.99", "rating": "9.60", "image_url": null, "image": "18005535C.jpg"}}, {"model": "products.product", "pk": 31, "fields": {"category": 11, "sku": "1276500BRQ", "name": "Handi-Towel", "description": "The Handi-Towel  for two handed cleaning is just what you need to dry your dog quickly and efficiently, the micro-fiber material soaks up wet and mud from even the largest dog and cleans and dries your pet. Easily machine washable and long-lasting ( Do not use softener in the wash)\r\nBuy 2 or 3 and always have one handy!", "has_sizes": false, "price": "7.00", "rating": "9.00", "image_url": null, "image": "18005560DG.jpg"}}, {"model": "products.product", "pk": 32, "fields": {"category": 11, "sku": "1276500BRL", "name": "Ergo Pin Brush", "description": "The Ergo Pin Brush can be used for grooming any length of coat. Quickly de-tangles and removes dirt and loose soil in your pets hair, without pulling. Brush is easily cleaned and can be washed with soap and warm water. A great tool to keep handy", "has_sizes": false, "price": "6.99", "rating": "8.60", "image_url": null, "image": "18005562DG.jpg"}}, {"model": "products.product", "pk": 33, "fields": {"category": 22, "sku": "18005562TD", "name": "Lickimat Buddy", "description": "The Lickimat Buddy is the newest and most versatile of the Lickimat range.!   Recommended by animal behaviourists  and trainers to create interest and keep your pet from wolfing down their food. The Lickimat Buddy is strong and pliable -- is dishwasher safe and  durable. A quality item made to last.", "has_sizes": false, "price": "14.99", "rating": "6.00", "image_url": null, "image": "180055313DF.jpg"}}, {"model": "products.product", "pk": 34, "fields": {"category": 22, "sku": "18005562DP", "name": "Cat Swipe Toy", "description": "This Cat toy will give your pet hours of entertainment when you are not around. Prevent boredom and bad behaviours and stimulate your cat. Easy to put together and durable. No small parts and safety tested.", "has_sizes": false, "price": "6.99", "rating": "7.00", "image_url": null, "image": "180088208CT.jpg"}}, {"model": "products.product", "pk": 35, "fields": {"category": 22, "sku": "18005562MN", "name": "Bowl and Fountain Combo", "description": "Pet perfect!  Get this super cat fountain and bowl for all your cat's needs - comes with a washable rubber mat to keep splashes and crumbs off your floor. The fountain supplies running water that your pet will love! Easy to set up and safety tested", "has_sizes": false, "price": "19.99", "rating": "8.00", "image_url": null, "image": "180088302CF.jpg"}}, {"model": "products.product", "pk": 36, "fields": {"category": 1, "sku": null, "name": "test", "description": "test", "has_sizes": false, "price": "29.99", "rating": null, "image_url": null, "image": "180055633DG.jpg"}}, {"model": "products.product", "pk": 37, "fields": {"category": 1, "sku": null, "name": "test", "description": "test", "has_sizes": false, "price": "29.99", "rating": null, "image_url": null, "image": "180055633DG_dpColzG.jpg"}}, {"model": "products.product", "pk": 38, "fields": {"category": 1, "sku": null, "name": "test", "description": "test", "has_sizes": false, "price": "29.99", "rating": null, "image_url": null, "image": "180055633DG_Yy8g2e2.jpg"}}, {"model": "products.product", "pk": 39, "fields": {"category": 1, "sku": null, "name": "test", "description": "test", "has_sizes": false, "price": "29.99", "rating": null, "image_url": null, "image": "180055633DG_QLBfjHY.jpg"}}, {"model": "products.product", "pk": 40, "fields": {"category": 1, "sku": null, "name": "test", "description": "test", "has_sizes": false, "price": "29.99", "rating": null, "image_url": null, "image": "180055633DG_eEGTeRs.jpg"}}, {"model": "checkout.order", "pk": 10, "fields": {"order_number": "C79AF1C9F8E04292B1FE3852701B4AD2", "user_profile": 1, "full_name": "pet hubadmin", "email": "pethub@gmail.com", "phone_number": "12345678", "country": "GB", "postcode": null, "town_or_city": "anywhere", "street_address1": "anywhere", "street_address2": null, "county": null, "date": "2021-02-22T06:27:14.335Z", "delivery_cost": "0.00", "order_total": "0.00", "grand_total": "0.00", "original_cart": "{\"2\": {\"items_by_size\": {\"s\": 2}}, \"3\": {\"items_by_size\": {\"s\": 1}}}", "stripe_pid": "pi_1INXsMBxhZFkfOwaNxQyIY2i"}}, {"model": "checkout.order", "pk": 11, "fields": {"order_number": "9016A8BD5DBB497CB0CD60CED35FD966", "user_profile": 1, "full_name": "pet hubadmin", "email": "pethub@gmail.com", "phone_number": "12345678", "country": "GB", "postcode": null, "town_or_city": "anywhere", "street_address1": "anywhere", "street_address2": null, "county": null, "date": "2021-02-22T06:27:20.222Z", "delivery_cost": "0.00", "order_total": "0.00", "grand_total": "0.00", "original_cart": "{\"2\": {\"items_by_size\": {\"s\": 2}}, \"3\": {\"items_by_size\": {\"s\": 1}}}", "stripe_pid": "pi_1INXsMBxhZFkfOwaNxQyIY2i"}}, {"model": "checkout.order", "pk": 12, "fields": {"order_number": "65AFFFF61E4341D0B5BC2FCD7BD13771", "user_profile": 1, "full_name": "pet hubadmin", "email": "pethub@gmail.com", "phone_number": "12345678", "country": "GB", "postcode": null, "town_or_city": "anywhere", "street_address1": "anywhere", "street_address2": null, "county": null, "date": "2021-02-22T06:31:53.860Z", "delivery_cost": "0.00", "order_total": "0.00", "grand_total": "0.00", "original_cart": "{\"2\": {\"items_by_size\": {\"s\": 2}}}", "stripe_pid": "pi_1INXvoBxhZFkfOwaEoKCUuZV"}}, {"model": "checkout.order", "pk": 20, "fields": {"order_number": "309B6239E9064932930059697C875C4C", "user_profile": 1, "full_name": "pet hubadmin", "email": "pethub@gmail.com", "phone_number": "12345678", "country": "GB", "postcode": null, "town_or_city": "anywhere", "street_address1": "anywhere", "street_address2": null, "county": null, "date": "2021-02-22T07:03:59.433Z", "delivery_cost": "0.00", "order_total": "43.98", "grand_total": "43.98", "original_cart": "{\"2\": {\"items_by_size\": {\"s\": 2}}}", "stripe_pid": "pi_1INYRxBxhZFkfOwaW55zAaMC"}}, {"model": "checkout.order", "pk": 21, "fields": {"order_number": "F1CA0EB1EAF14F71B1D8E1D2ABAC8001", "user_profile": 1, "full_name": "pet hubadmin", "email": "pethub@gmail.com", "phone_number": "12345678", "country": "GB", "postcode": null, "town_or_city": "anywhere", "street_address1": "anywhere", "street_address2": null, "county": null, "date": "2021-02-22T09:27:27.793Z", "delivery_cost": "0.00", "order_total": "58.97", "grand_total": "58.97", "original_cart": "{\"2\": {\"items_by_size\": {\"s\": 2}}, \"3\": {\"items_by_size\": {\"s\": 1}}}", "stripe_pid": "pi_1INXsMBxhZFkfOwaNxQyIY2i"}}, {"model": "checkout.orderlineitem", "pk": 35, "fields": {"order": 10, "product": 2, "product_size": "s", "quantity": 2, "lineitem_total": "43.98"}}, {"model": "checkout.orderlineitem", "pk": 36, "fields": {"order": 10, "product": 3, "product_size": "s", "quantity": 1, "lineitem_total": "14.99"}}, {"model": "checkout.orderlineitem", "pk": 37, "fields": {"order": 11, "product": 2, "product_size": "s", "quantity": 2, "lineitem_total": "43.98"}}, {"model": "checkout.orderlineitem", "pk": 38, "fields": {"order": 11, "product": 3, "product_size": "s", "quantity": 1, "lineitem_total": "14.99"}}, {"model": "checkout.orderlineitem", "pk": 39, "fields": {"order": 12, "product": 2, "product_size": "s", "quantity": 2, "lineitem_total": "43.98"}}, {"model": "checkout.orderlineitem", "pk": 47, "fields": {"order": 20, "product": 2, "product_size": "s", "quantity": 2, "lineitem_total": "43.98"}}, {"model": "checkout.orderlineitem", "pk": 48, "fields": {"order": 21, "product": 2, "product_size": "s", "quantity": 2, "lineitem_total": "43.98"}}, {"model": "checkout.orderlineitem", "pk": 49, "fields": {"order": 21, "product": 3, "product_size": "s", "quantity": 1, "lineitem_total": "14.99"}}, {"model": "blog.post", "pk": 1, "fields": {"title": "Keeping Your Cats Weight in Check", "slug": "cat-weight-diet-nutrition", "author": 2, "image": "blog_images/slider_3.jpg", "content": "Keeping your cats weight in check\r\nJust like us, cats will put on weight if they eat too much and dont exercise enough. Obesity is one of the most common health problems seen by our vets. It can cause health problems such as:\r\n\tDiabetes\r\n\tHeart disease\r\n\tArthritis.\r\nPets with conditions like these often die younger which is heart-breaking for their owners.\r\n\r\nA healthy body shape for your cat\r\nLooking at your cats shape is the best way of keeping an eye on their weight. Thats because the ideal weight varies for every type and breed - but the ideal shape is the same for every cat.\r\nCheck your cats weight every couple of weeks, starting when theyre a kitten. Youll quickly learn whats normal for your cat. All you have to do is look and feel:\r\n\tLook at your cat from the side and from above. They should have a smooth, tucked-in waist.\r\n\tFeel under your cats tummy. It should go in, not bulge out.\r\n\tFeel along your cats side and back. You should be able to feel your cats ribs, spine and hipbones quite easily but they shouldnt stick out.\r\n\tFeel the base of your cats tail. There shouldnt be any build-up of fat where the tail meets your cats back.\r\nYour vet or vet nurse can show you how to check your cats shape.\r\nAnother top tip is to keep a food diary for a week, and take it with you when you go to see your vet. This can help you spot where your cat is getting the extra calories, and makes it easier to cut them out without a special diet.\r\nDownload our guide to getting your cat into shape for more information on checking your cats shape and an example food diary to get your cat on their way to a healthy weight.", "created_on": "2021-02-11T09:17:35.964Z", "status": 1}}, {"model": "blog.post", "pk": 2, "fields": {"title": "How to Litter Train Your Cat", "slug": "how-to-litter-train-cat", "author": 2, "image": "blog_images/slider4.jpg", "content": "Cats are usually very clean animals, however if you have adopted a new cat or kitten you may find that they have trouble using the litter tray at first.\r\nIts important to remember to be patient with your cat and never punish them if they go to the toilet outside their litter tray. They wont understand why youre telling them off and it may cause more problems as theyll get stressed and anxious.\r\n \r\nWhy wont my cat use the litter tray?\r\nThere are lots of reasons your cat might not want to use their litter tray. We would recommend visiting your vet first to rule out any underlying medical issues.\r\n\tStress. If cats are stressed, they are more likely to have accidents around the house. You can read up on how to prevent your cat from getting stressed on our pet care pages.\r\n\tIllness. Cats might also urinate outside of the litter tray if they have a urinary tract problem, especially if they are quite vocal when trying to pee. You will need to take your cat to the vet for treatment if they are showing signs of a urinary problem.\r\n\tAge. Very young kittens who have not been taught by their mother may not understand what the litter tray is for. Similarly, older cats who arent used to a litter tray may not want to use one at first, especially if theyre used to going to the toilet outside.\r\n\tLocation. Where you put your cats litter tray is very important. Our vets recommend that you should provide at least two trays for your cat. These should be away from their food and water areas in a quiet part of the house.\r\n\tLitter. There are lots of different types of litter available and our felines are known for being fussy! Some cats prefer gravel, others love the clumping sand style litter. Theres a chance they may not be using their litter tray simply because they dont like the type of litter youre currently using.\r\n\tTray. As with litter, our cats can be fussy about their litter tray as well. Some prefer higher sides, some are happy with a standard tray and some cats like the covered ones.\r\n \r\nHow can I get my cat to use the litter tray?\r\nIf your cat just wont use their litter tray, there are several steps you can take to help them learn to use it. Again, never tell your cat off as you could end up making the situation worse.\r\nStep one  litter tray location\r\nIf youve set up your cats litter trays in a certain area they arent using, pay attention to where they do go. Try putting a litter tray down where theyve been going to the toilet to encourage them to go in the tray.\r\nKeep a close eye on your cat if they look like they want to go to the toilet. With kittens, place them in or near their tray to encourage them to go to the toilet in there. It may take them a few times to grasp the idea but keep trying.\r\nStep two  the right litter and tray\r\nIf youve moved your trays to the place your cat always seems to go to the toilet, but they still arent using it, it might not be location thats the problem. Try experimenting with different types of cat litter  you may find they have a preference. Some types of litter can be uncomfortable on their paws, others may not absorb urine very well which can mean the cat avoids getting their paws wet in there.\r\nIf they seem happy with the litter and dig around but still dont like to go to the toilet in their tray, try using a different tray. Some cats prefer the hooded trays over the standard open ones. If they are straining to go to the toilet, seem uncomfortable or havent been toileting as normal, then it is always best to seek advice from your vet immediately.\r\nStep three  reward good behaviour\r\nOnce youve found what tray and litter your cat prefers and where they like their tray, keep an eye on them when they look like they might need the toilet. Give them lots of praise once they have been to the toilet in their tray so they know theyve done something really good.\r\nIt may take a bit of time but your cat will eventually always go in their trays. Remember to keep an eye on them and take them to the vet if you think they are having problems going to the toilet. If you have a male cat who is straining to pass urine , then this could be a real emergency and he will need to be seen by the vets immediately.\r\n \r\nTop tips for litter training\r\n\tAlways keep your cats trays as clean as possible, as they wont go in a dirty tray.\r\n\tNever punish your cat for having an accident. Instead, reward the good behaviour so they see the litter tray as a good thing.\r\n\tExperiment with different types of litter and trays if they arent using their trays at first.\r\n\tClean up any accidents straight away to stop them from going in the same place again.\r\n\tKeep your cat as stress-free as possible. A stressed cat is more likely to have accidents.", "created_on": "2021-02-11T09:19:12.070Z", "status": 1}}, {"model": "blog.post", "pk": 3, "fields": {"title": "Going on Holiday?  Boarding  Your Dog?", "slug": "dog-boarding-kennels", "author": 2, "image": "blog_images/hello-magazine.jpg", "content": "If you cant take your pet on holiday with you, youll need to find someone suitable to look after them while youre away.\r\nNowadays, theres lots of different options for holiday pet care:\r\n\tFriends and family\r\n\tProfessional pet sitters\r\n\tBoarding kennels, catteries or pet hotels\r\n\tHome from home dog boarding\r\n \r\nWhats best for your pet\r\nLots of pets find going into kennels or catteries quite stressful. Theyd prefer to stay in their own home where they feel safe and secure. Cats especially are often better off if they can stay in a familiar environment. Friends and family or professional pet sitters might be able to look after your pet in your home. You can find a pet sitter through the National Association of Registered Pet Sitters. Call 0845 230 8544 or visit their website to find a local pet sitter.\r\n'Home from home' boarding, which tends to be for dogs and small pets or occasionally cats, would usually have your pet staying in a home rather than in a kennel. They'll have their own room and be treated like part of the family. This is a good solution for pets who need a little extra care or who're nervous of being in a kennel.\r\nIf those options arent available, you should book your pet into a reputable local kennel or cattery. In traditional boarding kennels or catteries, pets are kept in a kennel while you're on holiday. They get walked each day and have opportunity for play time. Some kennels or catteries will advertise themselves as 'pet hotels' and may offer more luxurious extras such as an individual room for your pet or comfier bedding or more socialising with the staff. But some 'normal' kennels will also offer these services, so it's best to check what's available in your area.\r\nWhichever option you pick, do plenty of research, visit premises in person before you book your pet in, dont rely on websites and ask friends or your vet for recommendations. Makes sure to check the business you are using is licensed by the local council too and in England check the star rating on the license  we recommend looking for a five star rating (the highest possible).\r\nGood boarding places often get fully-booked during busy holiday times, like summer and Christmas, so book early.\r\n \r\nHow to prepare your pet for boarding\r\nHere are our vets top tips to help make sure your pet stays happy and healthy while youre away:\r\n\tVaccinations: Reputable boarding kennels and catteries will all want to know that your pets vaccinations are up-to-date. Unvaccinated pets wont be allowed to stay, as theres a risk theyll pick up or pass diseases on to other pets. Speak to your vet about when your pet needs their boosters and get any necessary vaccinations well in advance. Make sure your pets vaccination record is up-to-date and take it along when you drop your pet off for boarding. Dont leave vaccinations until the last minute, especially kennel cough! There may be a specific time frame between vaccination and them accepting your pet to board. \r\n\r\n\tMedication: If your pet has to take regular medication to keep them well, make sure you have enough to cover the time youre away. Speak to the person whos looking after your pet and leave written instructions for them to follow. Theyll need to know what medication to give and when (e.g. morning, evening, before food, after food) and the best way to get your pet to take it, if its a tablet. Make sure that the person looking after them is confident giving the medication and knows what to do if there are any problems or side effects seen.\r\n\r\n\tContact details: Make sure the person looking after your pet has your vets contact details in case of emergencies. Theyll also need your contact details for while youre away  extra info like the name, address and telephone number of your hotel can be useful as a back-up as well as your mobile number. Find out their protocol if they cant get in touch with you and need to take your pet to a vet and make sure this fits with your wishes.\r\n\tFood and exercise: A sudden change in your pets diet can give them an upset stomach. Provide more than enough of your pets usual food to cover the time youll be away. Leave written instructions about how much food should be given and when, and how much exercise your pet usually gets.\r\n\tToys and blankets: Blankets which smell of home can help your pet to settle into their temporary home. Their favourite toys will help stop them from getting bored if theyre in a kennel on their own.", "created_on": "2021-02-11T09:21:01.521Z", "status": 1}}, {"model": "blog.post", "pk": 4, "fields": {"title": "Your Puppy Questions ... All The FAQs", "slug": "puppy-nutrition-care-tips", "author": 2, "image": "blog_images/pexels-photo-1108099_xcf0gKL.jpeg", "content": "Getting a new puppy can be really exciting, but if youre a fist-time owner or have never had a puppy before it can also be daunting! Were here to help you with some of the most common things you might come across.\r\nWhether youre thinking of getting a puppy or have just brought your new bundle of joy home  you might have a lot of questions! Weve been looking at some of the most common questions puppy owners ask and helping answer them.\r\n\r\nWhen can my puppy go outside for a walk or in the garden?\r\nGoing in the garden\r\nAs long as your garden is safe and enclosed with solid fences and not used by other dogs, then your puppy can go out in the garden straight away. Itll help to build their confidence, get them used to their new home and you can start their toilet training!\r\nGoing on their first walk\r\nTaking your puppy for their first walk is a huge milestone, but youll need to wait until they are fully covered by their vaccinations to be safe. This is usually a few weeks after their second jab in their primary vaccination course, but this does vary from vaccine to vaccine. Its best to ask your vet when you take them in for their jabs as theyll be able to give you exact timings.\r\nWhen can my puppy meet other dogs?\r\nYoull need to wait until your puppy is fully vaccinated before letting them meet other dogs. This will help stop them getting any nasty diseases. Wait for the all clear from your vet, then you can take your puppy out and about to socialise. Keep them on the lead and watch other dogs body language to make sure they are happy to greet your puppy. Always ask owners first before you allow your puppy to go up to strange dogs.\r\n \r\nHow should I introduce my new puppy to my current dog?\r\nYoull need to make sure your current dog is fully vaccinated and well in themselves before bringing your new puppy home. Then its best to do introductions slowly, making sure your dog has a quiet space away from your boisterous new puppy!\r\nObviously it might be a bit difficult to introduce them on neutral territory because your puppy wont be fully protected by their vaccinations yet, but do take away favourite toys or anything that your current dog feels protective over so that these wont become a problem between your dog and puppy. You should probably keep both dogs on a loose lead when they first meet  make sure you can recognise their body language so you know if the meeting is going well.\r\nAlways supervise your dogs together. Remember your puppy may be a lot more playful than your current dog so make sure you are playing with your puppy to give your other dog some space, but make sure you stick to your current routine with your first dog so that they dont feel a dramatic change to their life.\r\nRemember to feed both dogs away from each other so neither feels the need to guard their food as this can cause a lot of tension between them long term.\r\nHow do I crate train my puppy?\r\nCrates are a good way of making sure your puppy is secure and out of any mischief at night! Again, its something your puppy will need to get slowly used to and each dog will take a different amount of time before they are happy to be in their crate. Read our article on crate training for the full how-to guide.\r\n \r\nWhy is my puppy biting and chewing and how can I stop it?\r\nNibbling and chewing is a natural part of being a puppy. Just like people, puppies go through teething and need to bite and chew. They also explore the world through their mouth, so its only natural that they bite and chew anything and everything they can! Rather than trying to stop them from chewing, make sure you give them lots of dog-safe toys they can chew. Find out more about training your dog not to chew.\r\n \r\nWhat should I feed my puppy? How much should I be feeding my puppy?\r\nWed recommend a complete, life stage appropriate puppy food (so one thats labelled as being for puppies rather than an adult or senior food). This is because puppies need different levels of nutrients to help them grow. Look out for specific puppy diets such as puppy food for large breeds, or puppy food for toy/small breeds. If you need to change your puppy to a different food, make sure you do this over a couple of weeks to avoid stomach upsets.\r\nFollow the advice on the packet for how much to feed your puppy. If youre unsure, ask your vet or vet nurse and they can give you the best advice for your dog. Remember not to feed your puppy any human food or scraps. We know its hard to resist those puppy-dog eyes, but some human foods are harmful to our dogs and can unbalance their diet. Dont forget to read up on your dogs diet throughout their life stages", "created_on": "2021-02-11T09:23:09.158Z", "status": 1}}, {"model": "blog.post", "pk": 5, "fields": {"title": "Kittens and Lockdown", "slug": "kitten-care-lockdown", "author": 2, "image": "blog_images/pdsa3.jpg", "content": "Socialisation is all about introducing kittens to the world in a positive way so they dont get scared of everyday noises, sounds, experiences and people. A well-socialised kitten who has had lots of good experiences will grow into a confident, happy cat.\r\nWe call this period of a cats life the socialisation period, where theyre given chance to explore and understand everything around them. Well socialised kittens are less fearful as adults and more likely to form positive relationships", "created_on": "2021-02-22T09:39:16.493Z", "status": 1}}, {"model": "blog.post", "pk": 6, "fields": {"title": "How To Train Your Puppy --- The RIGHT Way!", "slug": "training-new-puppy-tips", "author": 2, "image": "blog_images/pdsa4.jpg", "content": "All the facts on how to train without the pain !", "created_on": "2021-02-22T12:17:58.497Z", "status": 1}}, {"model": "blog.post", "pk": 7, "fields": {"title": "Exercising Your Dog Correctly - How to Avoid Injuries", "slug": "dog-exercise-tips-facts", "author": 2, "image": "blog_images/jumping-dog.jpg", "content": "Always pay attention to your dog and exercise him nicely and not too much", "created_on": "2021-02-22T12:24:49.628Z", "status": 1}}, {"model": "blog.comment", "pk": 1, "fields": {"post": 5, "author": 2, "body": "This is a very interesting topic  I would like to know more thanks", "created_on": "2021-02-22T12:14:29.544Z", "active": false}}, {"model": "profiles.userprofile", "pk": 1, "fields": {"user": 2, "default_phone_number": "12345678", "default_street_address1": "anywhere", "default_street_address2": null, "default_town_or_city": "anywhere", "default_postcode": null, "default_county": null, "default_country": "GB"}}, {"model": "profiles.userprofile", "pk": 2, "fields": {"user": 3, "default_phone_number": null, "default_street_address1": null, "default_street_address2": null, "default_town_or_city": null, "default_postcode": null, "default_county": null, "default_country": null}}, {"model": "profiles.userprofile", "pk": 3, "fields": {"user": 4, "default_phone_number": null, "default_street_address1": null, "default_street_address2": null, "default_town_or_city": null, "default_postcode": null, "default_county": null, "default_country": null}}, {"model": "profiles.userprofile", "pk": 4, "fields": {"user": 5, "default_phone_number": "12345678", "default_street_address1": "anywhere", "default_street_address2": null, "default_town_or_city": "anywhere", "default_postcode": null, "default_county": null, "default_country": "GB"}}, {"model": "profiles.userprofile", "pk": 5, "fields": {"user": 6, "default_phone_number": null, "default_street_address1": null, "default_street_address2": null, "default_town_or_city": null, "default_postcode": null, "default_county": null, "default_country": null}}]